id_matricula_disciplina;id_matricula;id_disciplina;id_turma;nota_final;status
1;1;13;30;1.04;Cursando
2;1;6;30;2.32;Aprovado
3;1;20;30;7.52;Reprovado
4;1;7;30;1.22;Cursando
5;2;20;20;7.64;Cursando
6;2;17;20;5.42;Cursando
7;2;5;20;9.61;Cursando
8;3;14;2;3.3;Aprovado
9;3;12;2;9.02;Cursando
10;3;7;2;5.21;Cursando
11;3;5;2;1.17;Aprovado
12;3;18;2;9.47;Cursando
13;3;1;2;3.52;Cursando
14;4;1;20;9.22;Aprovado
15;4;2;20;9.08;Aprovado
16;4;6;20;8.81;Reprovado
17;4;5;20;6.23;Cursando
18;5;4;2;8.44;Cursando
19;5;13;2;1.61;Cursando
20;5;8;2;6.51;Cursando
21;6;20;5;8.78;Reprovado
22;6;10;5;3.09;Cursando
23;6;5;5;9.41;Aprovado
24;7;4;30;0.34;Reprovado
25;7;10;30;6.85;Cursando
26;7;18;30;6.52;Aprovado
27;8;1;22;6.64;Aprovado
28;8;15;22;9.88;Cursando
29;8;7;22;4.0;Cursando
30;8;5;22;9.34;Aprovado
31;8;17;22;6.26;Aprovado
32;8;7;22;1.57;Reprovado
33;9;14;8;7.98;Cursando
34;9;20;8;4.63;Cursando
35;9;1;8;8.03;Aprovado
36;9;2;8;5.09;Aprovado
37;9;16;8;7.35;Aprovado
38;9;18;8;7.28;Aprovado
39;10;15;14;5.04;Reprovado
40;10;7;14;9.06;Reprovado
41;10;16;14;4.92;Cursando
42;10;16;14;3.22;Aprovado
43;11;20;22;6.88;Aprovado
44;11;7;22;0.77;Aprovado
45;11;20;22;9.15;Cursando
46;12;11;27;4.79;Reprovado
47;12;8;27;4.85;Reprovado
48;12;3;27;3.78;Aprovado
49;12;8;27;7.95;Reprovado
50;13;18;26;9.35;Aprovado
51;13;3;26;9.43;Reprovado
52;13;2;26;9.4;Cursando
53;13;18;26;2.77;Reprovado
54;13;3;26;1.17;Cursando
55;13;18;26;7.4;Reprovado
56;14;16;17;5.31;Cursando
57;14;8;17;0.39;Aprovado
58;14;7;17;0.03;Cursando
59;14;5;17;9.42;Cursando
60;14;4;17;3.47;Reprovado
61;15;5;20;9.4;Cursando
62;15;7;20;5.2;Cursando
63;15;14;20;4.85;Reprovado
64;15;11;20;2.75;Cursando
65;15;5;20;9.92;Cursando
66;15;19;20;1.5;Cursando
67;16;11;30;5.84;Reprovado
68;16;11;30;5.72;Reprovado
69;16;6;30;2.31;Cursando
70;16;13;30;2.8;Aprovado
71;17;17;17;8.74;Reprovado
72;17;4;17;5.72;Reprovado
73;17;14;17;5.9;Cursando
74;18;13;24;1.62;Aprovado
75;18;1;24;2.81;Cursando
76;18;20;24;6.02;Reprovado
77;18;14;24;5.8;Cursando
78;18;20;24;5.88;Cursando
79;18;18;24;7.79;Aprovado
80;19;15;3;1.96;Cursando
81;19;14;3;8.5;Aprovado
82;19;16;3;2.7;Reprovado
83;19;20;3;4.71;Reprovado
84;19;12;3;0.29;Reprovado
85;20;7;27;4.08;Reprovado
86;20;19;27;2.88;Reprovado
87;20;10;27;8.49;Aprovado
88;20;13;27;0.73;Aprovado
89;20;16;27;5.9;Cursando
90;21;4;24;3.3;Aprovado
91;21;7;24;5.26;Cursando
92;21;14;24;6.27;Aprovado
93;21;4;24;7.08;Aprovado
94;21;9;24;4.0;Reprovado
95;21;11;24;9.63;Aprovado
96;22;14;25;1.72;Cursando
97;22;14;25;6.9;Reprovado
98;22;11;25;6.56;Reprovado
99;22;19;25;5.11;Aprovado
100;23;1;5;3.19;Aprovado
101;23;4;5;8.23;Reprovado
102;23;12;5;0.56;Aprovado
103;23;7;5;8.56;Cursando
104;23;2;5;3.4;Reprovado
105;24;16;19;8.5;Reprovado
106;24;11;19;3.94;Aprovado
107;24;14;19;3.92;Cursando
108;24;19;19;8.45;Aprovado
109;24;10;19;9.89;Reprovado
110;25;19;13;9.77;Cursando
111;25;15;13;2.23;Cursando
112;25;10;13;1.05;Cursando
113;25;3;13;7.8;Cursando
114;25;15;13;9.9;Reprovado
115;25;2;13;1.6;Cursando
116;26;12;28;0.07;Cursando
117;26;15;28;2.02;Reprovado
118;26;11;28;8.14;Reprovado
119;26;13;28;2.41;Cursando
120;26;5;28;9.25;Reprovado
121;27;2;1;1.76;Reprovado
122;27;6;1;4.26;Reprovado
123;27;4;1;2.36;Cursando
124;28;8;27;7.83;Aprovado
125;28;6;27;7.02;Cursando
126;28;1;27;7.95;Aprovado
127;29;3;13;7.72;Aprovado
128;29;8;13;5.19;Reprovado
129;29;20;13;6.84;Aprovado
130;29;11;13;0.7;Reprovado
131;29;19;13;3.68;Cursando
132;30;9;17;7.42;Cursando
133;30;18;17;8.18;Reprovado
134;30;12;17;9.06;Cursando
135;30;11;17;0.42;Reprovado
136;30;11;17;1.22;Reprovado
137;31;13;27;9.86;Aprovado
138;31;9;27;7.3;Cursando
139;31;19;27;9.27;Reprovado
140;31;13;27;7.54;Aprovado
141;32;1;17;8.91;Aprovado
142;32;9;17;9.9;Aprovado
143;32;3;17;0.05;Reprovado
144;32;10;17;0.52;Reprovado
145;33;18;13;1.03;Aprovado
146;33;3;13;1.92;Cursando
147;33;17;13;2.63;Aprovado
148;33;8;13;9.93;Aprovado
149;33;18;13;4.29;Cursando
150;33;13;13;3.85;Aprovado
151;34;19;14;7.9;Cursando
152;34;20;14;3.09;Aprovado
153;34;18;14;6.14;Aprovado
154;34;14;14;8.85;Reprovado
155;34;20;14;7.31;Reprovado
156;34;7;14;6.1;Reprovado
157;35;20;8;6.16;Cursando
158;35;20;8;2.85;Cursando
159;35;18;8;8.34;Reprovado
160;35;7;8;1.8;Reprovado
161;35;7;8;9.66;Aprovado
162;36;8;17;7.72;Aprovado
163;36;11;17;2.38;Cursando
164;36;10;17;3.45;Reprovado
165;36;16;17;5.53;Reprovado
166;37;19;17;9.97;Aprovado
167;37;12;17;7.51;Aprovado
168;37;17;17;3.37;Aprovado
169;37;20;17;4.98;Cursando
170;37;13;17;8.99;Cursando
171;38;8;27;6.92;Cursando
172;38;1;27;4.35;Aprovado
173;38;1;27;7.52;Cursando
174;39;1;1;2.21;Aprovado
175;39;6;1;9.06;Aprovado
176;39;5;1;6.66;Aprovado
177;39;2;1;3.67;Reprovado
178;39;3;1;0.34;Reprovado
179;39;16;1;8.24;Cursando
180;40;2;30;9.8;Cursando
181;40;9;30;0.13;Reprovado
182;40;3;30;5.8;Cursando
183;40;9;30;6.4;Reprovado
184;40;14;30;5.01;Reprovado
185;40;17;30;9.13;Aprovado
186;41;4;27;5.1;Aprovado
187;41;16;27;7.7;Cursando
188;41;12;27;1.23;Cursando
189;41;11;27;7.18;Cursando
190;42;1;2;8.26;Aprovado
191;42;14;2;9.2;Cursando
192;42;1;2;6.96;Reprovado
193;42;4;2;0.63;Reprovado
194;43;13;10;6.22;Reprovado
195;43;5;10;7.44;Reprovado
196;43;7;10;9.34;Reprovado
197;43;6;10;1.57;Aprovado
198;44;19;24;3.07;Cursando
199;44;11;24;6.41;Reprovado
200;44;17;24;4.32;Reprovado
201;44;11;24;8.89;Cursando
202;45;14;14;0.56;Cursando
203;45;2;14;8.75;Cursando
204;45;1;14;4.05;Aprovado
205;45;3;14;1.25;Reprovado
206;45;15;14;3.87;Cursando
207;45;2;14;0.99;Reprovado
208;46;6;2;9.45;Reprovado
209;46;8;2;0.25;Aprovado
210;46;20;2;5.23;Cursando
211;46;2;2;3.39;Aprovado
212;46;19;2;0.84;Reprovado
213;47;15;24;7.08;Cursando
214;47;18;24;5.14;Cursando
215;47;18;24;3.15;Cursando
216;47;17;24;9.45;Aprovado
217;48;20;27;6.35;Reprovado
218;48;17;27;6.51;Reprovado
219;48;6;27;1.0;Reprovado
220;49;1;20;0.79;Reprovado
221;49;19;20;0.26;Cursando
222;49;3;20;8.24;Reprovado
223;49;18;20;9.02;Aprovado
224;49;20;20;0.08;Cursando
225;49;12;20;5.25;Reprovado
226;50;20;5;0.66;Aprovado
227;50;9;5;1.36;Cursando
228;50;6;5;7.81;Aprovado
229;51;4;3;0.28;Aprovado
230;51;14;3;7.05;Reprovado
231;51;20;3;3.85;Cursando
232;51;10;3;5.86;Cursando
233;51;6;3;4.67;Aprovado
234;51;11;3;9.6;Reprovado
235;52;13;3;4.11;Cursando
236;52;4;3;7.58;Aprovado
237;52;16;3;3.49;Cursando
238;52;9;3;4.1;Aprovado
239;52;2;3;8.67;Aprovado
240;52;15;3;3.25;Aprovado
241;53;18;10;6.46;Aprovado
242;53;6;10;2.76;Cursando
243;53;12;10;7.14;Aprovado
244;54;7;5;3.46;Cursando
245;54;7;5;2.72;Cursando
246;54;9;5;0.13;Cursando
247;54;19;5;4.65;Aprovado
248;54;19;5;2.14;Aprovado
249;55;10;12;2.1;Aprovado
250;55;6;12;0.5;Reprovado
251;55;9;12;5.16;Aprovado
252;55;2;12;1.3;Cursando
253;55;4;12;0.22;Reprovado
254;56;12;27;8.92;Cursando
255;56;2;27;1.6;Aprovado
256;56;15;27;1.79;Cursando
257;56;2;27;5.84;Cursando
258;56;11;27;3.83;Aprovado
259;57;1;3;3.07;Cursando
260;57;11;3;2.05;Aprovado
261;57;19;3;0.97;Reprovado
262;58;6;8;5.2;Reprovado
263;58;2;8;2.87;Cursando
264;58;16;8;4.9;Aprovado
265;58;3;8;6.9;Reprovado
266;59;10;8;3.57;Cursando
267;59;7;8;9.23;Aprovado
268;59;1;8;8.73;Aprovado
269;59;5;8;8.87;Aprovado
270;60;19;20;9.36;Reprovado
271;60;13;20;3.99;Reprovado
272;60;11;20;5.72;Aprovado
273;60;19;20;6.54;Reprovado
274;61;18;26;3.74;Aprovado
275;61;6;26;8.29;Reprovado
276;61;3;26;3.75;Aprovado
277;61;6;26;3.16;Reprovado
278;61;3;26;4.64;Cursando
279;62;7;23;6.05;Reprovado
280;62;2;23;5.1;Reprovado
281;62;16;23;6.7;Cursando
282;62;17;23;8.52;Cursando
283;63;20;27;4.03;Cursando
284;63;14;27;7.92;Cursando
285;63;6;27;7.15;Reprovado
286;64;20;27;1.23;Reprovado
287;64;10;27;8.45;Cursando
288;64;17;27;2.74;Cursando
289;65;3;15;4.11;Cursando
290;65;18;15;6.07;Cursando
291;65;1;15;2.61;Reprovado
292;66;19;19;3.17;Reprovado
293;66;10;19;4.39;Aprovado
294;66;8;19;0.43;Aprovado
295;67;17;23;0.37;Aprovado
296;67;8;23;0.88;Reprovado
297;67;12;23;1.46;Reprovado
298;67;6;23;8.78;Aprovado
299;67;9;23;2.33;Aprovado
300;67;8;23;3.66;Reprovado
301;68;15;17;4.33;Reprovado
302;68;13;17;2.08;Aprovado
303;68;4;17;3.32;Aprovado
304;68;12;17;0.64;Reprovado
305;69;11;27;9.36;Aprovado
306;69;15;27;9.94;Aprovado
307;69;3;27;5.63;Cursando
308;69;18;27;0.21;Reprovado
309;70;9;25;1.06;Reprovado
310;70;3;25;6.86;Reprovado
311;70;2;25;6.6;Cursando
312;70;14;25;2.02;Reprovado
313;70;16;25;3.16;Cursando
314;71;17;17;3.58;Reprovado
315;71;2;17;8.1;Aprovado
316;71;16;17;6.29;Aprovado
317;71;9;17;5.47;Reprovado
318;71;9;17;9.52;Reprovado
319;72;17;17;9.06;Cursando
320;72;12;17;9.12;Reprovado
321;72;15;17;2.88;Aprovado
322;73;12;5;0.48;Cursando
323;73;4;5;1.48;Reprovado
324;73;2;5;3.26;Cursando
325;73;11;5;3.74;Reprovado
326;74;4;5;4.07;Cursando
327;74;13;5;1.2;Cursando
328;74;14;5;1.16;Aprovado
329;74;20;5;3.17;Cursando
330;75;14;5;6.63;Aprovado
331;75;11;5;4.78;Reprovado
332;75;6;5;6.83;Reprovado
333;75;18;5;2.54;Aprovado
334;76;1;3;3.63;Reprovado
335;76;12;3;2.83;Cursando
336;76;19;3;5.62;Cursando
337;76;12;3;3.52;Aprovado
338;77;4;27;5.4;Cursando
339;77;13;27;7.98;Cursando
340;77;11;27;7.89;Aprovado
341;77;17;27;5.89;Aprovado
342;78;16;10;4.54;Reprovado
343;78;18;10;9.08;Aprovado
344;78;2;10;7.46;Reprovado
345;78;7;10;7.09;Cursando
346;79;10;11;1.65;Aprovado
347;79;17;11;7.16;Reprovado
348;79;7;11;4.38;Cursando
349;79;7;11;4.46;Cursando
350;80;9;12;0.92;Aprovado
351;80;5;12;1.68;Reprovado
352;80;19;12;2.45;Cursando
353;81;11;30;1.17;Cursando
354;81;2;30;7.17;Cursando
355;81;18;30;3.96;Aprovado
356;81;5;30;2.85;Reprovado
357;81;8;30;6.74;Aprovado
358;81;20;30;6.4;Aprovado
359;82;4;11;9.12;Cursando
360;82;10;11;3.07;Aprovado
361;82;17;11;2.92;Reprovado
362;82;6;11;4.05;Cursando
363;83;3;11;9.82;Cursando
364;83;16;11;1.18;Cursando
365;83;7;11;0.22;Reprovado
366;83;2;11;6.18;Aprovado
367;83;20;11;6.5;Cursando
368;83;19;11;0.79;Cursando
369;84;15;13;6.46;Cursando
370;84;6;13;2.49;Cursando
371;84;9;13;7.94;Cursando
372;84;2;13;3.77;Cursando
373;84;15;13;9.2;Cursando
374;85;20;28;5.42;Aprovado
375;85;13;28;8.41;Aprovado
376;85;20;28;4.86;Cursando
377;85;16;28;5.9;Cursando
378;85;7;28;8.03;Reprovado
379;85;15;28;4.7;Cursando
380;86;6;17;1.44;Reprovado
381;86;2;17;9.45;Cursando
382;86;16;17;6.74;Reprovado
383;86;10;17;9.97;Reprovado
384;86;12;17;2.13;Cursando
385;87;8;4;3.24;Cursando
386;87;6;4;2.56;Cursando
387;87;19;4;0.4;Reprovado
388;87;14;4;8.4;Aprovado
389;87;15;4;4.68;Cursando
390;88;20;30;7.43;Cursando
391;88;5;30;4.82;Cursando
392;88;8;30;7.5;Reprovado
393;88;10;30;3.41;Reprovado
394;89;7;12;3.69;Reprovado
395;89;15;12;2.29;Reprovado
396;89;12;12;4.52;Aprovado
397;90;12;28;9.45;Reprovado
398;90;18;28;1.95;Cursando
399;90;16;28;0.67;Aprovado
400;90;15;28;0.03;Reprovado
401;90;1;28;2.88;Reprovado
402;90;15;28;8.96;Cursando
403;91;9;24;1.88;Cursando
404;91;12;24;0.21;Aprovado
405;91;4;24;0.04;Aprovado
406;91;7;24;9.24;Reprovado
407;91;18;24;2.13;Aprovado
408;92;9;5;7.37;Cursando
409;92;15;5;6.75;Reprovado
410;92;2;5;6.56;Cursando
411;93;15;17;1.22;Cursando
412;93;9;17;9.53;Reprovado
413;93;12;17;0.34;Aprovado
414;93;8;17;4.31;Cursando
415;93;11;17;5.4;Cursando
416;93;14;17;4.63;Aprovado
417;94;12;11;1.86;Cursando
418;94;2;11;7.37;Reprovado
419;94;18;11;7.76;Cursando
420;94;8;11;3.14;Cursando
421;94;17;11;2.12;Aprovado
422;94;4;11;2.54;Aprovado
423;95;7;16;8.17;Cursando
424;95;14;16;5.85;Cursando
425;95;15;16;0.99;Cursando
426;95;1;16;2.6;Cursando
427;95;6;16;3.51;Reprovado
428;96;9;26;8.27;Cursando
429;96;10;26;2.11;Cursando
430;96;1;26;6.7;Reprovado
431;97;7;22;9.78;Cursando
432;97;2;22;3.46;Aprovado
433;97;14;22;4.03;Aprovado
434;98;9;28;8.26;Aprovado
435;98;17;28;5.84;Aprovado
436;98;12;28;0.61;Reprovado
437;99;12;24;7.02;Cursando
438;99;20;24;7.0;Aprovado
439;99;9;24;0.18;Aprovado
440;99;18;24;6.78;Aprovado
441;99;12;24;0.13;Aprovado
442;100;20;15;0.91;Aprovado
443;100;9;15;8.5;Aprovado
444;100;4;15;3.42;Cursando
445;100;18;15;7.19;Cursando
446;100;8;15;6.66;Aprovado
447;101;3;16;4.15;Aprovado
448;101;12;16;0.89;Reprovado
449;101;15;16;3.04;Reprovado
450;101;4;16;5.4;Aprovado
451;101;4;16;8.16;Reprovado
452;102;5;17;1.14;Reprovado
453;102;5;17;4.0;Cursando
454;102;6;17;8.88;Cursando
455;102;13;17;3.98;Reprovado
456;102;13;17;1.12;Cursando
457;103;15;28;9.43;Aprovado
458;103;4;28;4.22;Reprovado
459;103;6;28;2.11;Reprovado
460;103;16;28;2.77;Reprovado
461;104;19;24;7.08;Cursando
462;104;1;24;6.09;Reprovado
463;104;2;24;3.65;Aprovado
464;105;5;9;2.33;Cursando
465;105;8;9;3.66;Cursando
466;105;10;9;6.82;Reprovado
467;106;6;14;2.79;Reprovado
468;106;18;14;5.43;Reprovado
469;106;20;14;5.58;Aprovado
470;106;20;14;8.69;Aprovado
471;106;8;14;3.47;Reprovado
472;107;11;27;2.29;Reprovado
473;107;12;27;5.5;Aprovado
474;107;20;27;9.14;Reprovado
475;107;11;27;6.46;Aprovado
476;107;15;27;6.63;Aprovado
477;108;17;6;8.66;Reprovado
478;108;15;6;1.76;Cursando
479;108;6;6;2.29;Cursando
480;109;12;27;9.44;Cursando
481;109;6;27;3.54;Reprovado
482;109;16;27;5.41;Cursando
483;109;6;27;9.66;Cursando
484;109;8;27;0.18;Reprovado
485;110;8;17;4.43;Aprovado
486;110;4;17;8.31;Aprovado
487;110;15;17;6.46;Reprovado
488;110;2;17;8.25;Aprovado
489;110;4;17;6.1;Aprovado
490;110;19;17;0.94;Cursando
491;111;15;11;0.51;Reprovado
492;111;19;11;1.38;Cursando
493;111;8;11;7.9;Aprovado
494;111;14;11;2.33;Aprovado
495;111;5;11;7.79;Reprovado
496;111;15;11;10.0;Aprovado
497;112;17;12;6.83;Aprovado
498;112;10;12;6.44;Aprovado
499;112;19;12;8.97;Aprovado
500;112;15;12;3.32;Reprovado
501;112;6;12;2.2;Cursando
502;113;18;8;6.7;Aprovado
503;113;2;8;2.99;Cursando
504;113;1;8;2.7;Reprovado
505;113;1;8;1.42;Aprovado
506;113;4;8;2.0;Cursando
507;113;17;8;1.79;Cursando
508;114;3;22;9.49;Aprovado
509;114;5;22;6.01;Aprovado
510;114;11;22;2.27;Cursando
511;115;9;1;7.28;Reprovado
512;115;1;1;3.37;Cursando
513;115;8;1;4.24;Cursando
514;115;18;1;8.11;Aprovado
515;116;16;27;9.11;Cursando
516;116;12;27;9.27;Cursando
517;116;16;27;5.44;Cursando
518;117;14;10;4.67;Cursando
519;117;5;10;7.5;Aprovado
520;117;7;10;6.0;Reprovado
521;117;19;10;5.43;Reprovado
522;117;11;10;7.95;Cursando
523;118;4;19;6.85;Cursando
524;118;20;19;6.87;Reprovado
525;118;1;19;2.19;Reprovado
526;118;7;19;7.13;Reprovado
527;118;8;19;6.58;Cursando
528;119;4;3;2.65;Cursando
529;119;19;3;2.33;Reprovado
530;119;6;3;1.13;Reprovado
531;119;3;3;6.12;Cursando
532;119;20;3;3.74;Reprovado
533;120;9;2;5.43;Reprovado
534;120;16;2;5.31;Aprovado
535;120;11;2;6.67;Cursando
536;120;15;2;3.83;Cursando
537;120;18;2;3.01;Cursando
538;120;9;2;3.36;Aprovado
539;121;15;30;0.34;Reprovado
540;121;5;30;9.84;Cursando
541;121;17;30;8.08;Reprovado
542;121;4;30;9.77;Aprovado
543;121;12;30;4.45;Reprovado
544;122;16;14;8.57;Cursando
545;122;20;14;9.97;Cursando
546;122;18;14;8.2;Aprovado
547;122;4;14;7.97;Cursando
548;122;4;14;2.22;Reprovado
549;122;2;14;9.0;Reprovado
550;123;20;27;5.6;Aprovado
551;123;17;27;8.07;Aprovado
552;123;2;27;2.64;Reprovado
553;123;15;27;5.13;Reprovado
554;123;11;27;5.51;Aprovado
555;124;9;14;9.42;Aprovado
556;124;2;14;3.71;Cursando
557;124;4;14;8.72;Cursando
558;125;17;22;3.75;Reprovado
559;125;9;22;6.52;Cursando
560;125;18;22;3.58;Cursando
561;125;11;22;4.21;Reprovado
562;125;7;22;0.97;Cursando
563;126;14;8;3.55;Cursando
564;126;20;8;2.51;Reprovado
565;126;8;8;6.29;Aprovado
566;126;5;8;5.35;Aprovado
567;126;16;8;0.02;Aprovado
568;127;12;1;4.09;Aprovado
569;127;17;1;5.37;Cursando
570;127;10;1;5.58;Cursando
571;127;4;1;9.67;Aprovado
572;127;20;1;7.92;Cursando
573;127;2;1;7.9;Aprovado
574;128;8;15;1.95;Cursando
575;128;14;15;7.19;Reprovado
576;128;20;15;1.05;Aprovado
577;128;3;15;6.25;Cursando
578;128;15;15;3.85;Reprovado
579;129;11;25;4.39;Reprovado
580;129;15;25;10.0;Reprovado
581;129;11;25;7.99;Reprovado
582;129;1;25;1.99;Aprovado
583;129;17;25;6.15;Aprovado
584;129;4;25;6.85;Aprovado
585;130;16;16;0.61;Cursando
586;130;14;16;9.78;Reprovado
587;130;14;16;1.05;Cursando
588;130;19;16;9.64;Reprovado
589;131;11;10;8.27;Cursando
590;131;18;10;4.18;Aprovado
591;131;13;10;6.29;Reprovado
592;131;8;10;2.35;Aprovado
593;132;15;18;4.47;Reprovado
594;132;14;18;5.09;Cursando
595;132;16;18;5.09;Cursando
596;132;12;18;5.94;Cursando
597;133;7;1;1.01;Aprovado
598;133;19;1;4.62;Aprovado
599;133;13;1;5.87;Reprovado
600;133;1;1;9.04;Aprovado
601;133;13;1;8.04;Aprovado
602;134;2;11;7.16;Aprovado
603;134;11;11;7.51;Reprovado
604;134;20;11;6.8;Cursando
605;134;16;11;2.77;Reprovado
606;135;17;27;0.63;Reprovado
607;135;10;27;1.67;Aprovado
608;135;2;27;5.18;Cursando
609;135;3;27;1.49;Cursando
610;135;7;27;9.11;Cursando
611;136;3;13;7.44;Reprovado
612;136;7;13;2.77;Aprovado
613;136;16;13;0.91;Reprovado
614;136;10;13;7.6;Aprovado
615;136;13;13;6.37;Reprovado
616;136;4;13;3.18;Cursando
617;137;15;17;8.97;Reprovado
618;137;16;17;7.57;Reprovado
619;137;12;17;6.69;Cursando
620;137;5;17;2.24;Aprovado
621;137;6;17;1.84;Cursando
622;137;3;17;9.57;Cursando
623;138;5;17;8.36;Aprovado
624;138;20;17;6.97;Aprovado
625;138;5;17;4.15;Aprovado
626;138;9;17;6.46;Cursando
627;138;8;17;4.06;Reprovado
628;138;3;17;9.56;Reprovado
629;139;11;27;9.7;Reprovado
630;139;20;27;4.27;Cursando
631;139;9;27;3.03;Cursando
632;139;15;27;4.51;Aprovado
633;140;7;27;1.11;Reprovado
634;140;9;27;2.71;Cursando
635;140;16;27;8.71;Reprovado
636;140;15;27;7.52;Aprovado
637;141;4;22;5.82;Aprovado
638;141;13;22;3.89;Cursando
639;141;6;22;3.82;Reprovado
640;141;16;22;7.74;Reprovado
641;142;3;9;4.12;Aprovado
642;142;8;9;3.73;Reprovado
643;142;11;9;4.96;Cursando
644;142;17;9;2.27;Cursando
645;142;12;9;3.31;Reprovado
646;143;1;30;3.06;Aprovado
647;143;12;30;0.64;Reprovado
648;143;7;30;5.39;Aprovado
649;143;12;30;6.11;Reprovado
650;143;17;30;8.41;Cursando
651;143;1;30;8.67;Aprovado
652;144;13;28;7.82;Cursando
653;144;12;28;7.02;Reprovado
654;144;6;28;1.08;Cursando
655;144;5;28;8.85;Reprovado
656;145;2;21;9.86;Reprovado
657;145;17;21;3.37;Cursando
658;145;4;21;0.66;Reprovado
659;145;8;21;9.22;Reprovado
660;145;3;21;0.03;Aprovado
661;146;16;29;3.86;Cursando
662;146;15;29;4.49;Reprovado
663;146;1;29;1.4;Cursando
664;146;19;29;7.23;Reprovado
665;146;15;29;9.59;Reprovado
666;147;3;30;7.3;Reprovado
667;147;19;30;6.3;Aprovado
668;147;12;30;8.11;Cursando
669;147;12;30;3.68;Reprovado
670;148;3;17;8.34;Cursando
671;148;3;17;1.26;Cursando
672;148;6;17;9.35;Cursando
673;148;6;17;2.97;Cursando
674;148;1;17;3.38;Aprovado
675;149;5;20;5.54;Reprovado
676;149;16;20;6.49;Reprovado
677;149;1;20;2.9;Reprovado
678;149;19;20;8.56;Reprovado
679;150;9;20;6.68;Reprovado
680;150;9;20;8.61;Cursando
681;150;18;20;1.81;Reprovado
682;150;14;20;0.38;Cursando
683;151;10;2;5.57;Reprovado
684;151;1;2;8.45;Cursando
685;151;10;2;3.72;Aprovado
686;151;8;2;5.94;Cursando
687;152;18;1;9.8;Reprovado
688;152;13;1;0.76;Cursando
689;152;2;1;7.37;Reprovado
690;153;1;2;1.85;Reprovado
691;153;12;2;6.66;Aprovado
692;153;2;2;4.33;Aprovado
693;153;3;2;3.64;Reprovado
694;154;18;30;9.49;Aprovado
695;154;11;30;5.93;Reprovado
696;154;20;30;4.73;Cursando
697;154;1;30;8.56;Reprovado
698;154;9;30;5.64;Cursando
699;155;10;30;0.1;Aprovado
700;155;16;30;2.55;Aprovado
701;155;11;30;8.16;Reprovado
702;155;7;30;7.45;Reprovado
703;156;3;30;0.62;Aprovado
704;156;14;30;0.41;Cursando
705;156;8;30;3.95;Aprovado
706;156;10;30;3.57;Reprovado
707;156;19;30;2.32;Cursando
708;156;16;30;3.16;Cursando
709;157;8;2;7.91;Reprovado
710;157;7;2;2.27;Aprovado
711;157;20;2;6.09;Aprovado
712;158;17;27;2.87;Cursando
713;158;15;27;7.0;Cursando
714;158;3;27;7.22;Cursando
715;159;12;27;0.83;Cursando
716;159;4;27;1.35;Aprovado
717;159;6;27;1.3;Cursando
718;159;4;27;4.22;Aprovado
719;159;19;27;1.54;Aprovado
720;159;19;27;0.32;Aprovado
721;160;5;2;0.59;Reprovado
722;160;17;2;3.46;Reprovado
723;160;2;2;6.29;Reprovado
724;160;19;2;6.17;Cursando
725;160;6;2;8.02;Reprovado
726;161;10;24;8.85;Reprovado
727;161;11;24;0.65;Cursando
728;161;14;24;5.68;Cursando
729;162;15;1;7.28;Aprovado
730;162;18;1;3.53;Cursando
731;162;17;1;9.78;Reprovado
732;163;3;22;7.79;Aprovado
733;163;5;22;2.91;Reprovado
734;163;5;22;1.7;Cursando
735;163;13;22;5.66;Cursando
736;163;17;22;2.33;Reprovado
737;163;10;22;6.53;Reprovado
738;164;2;23;8.03;Cursando
739;164;4;23;6.14;Reprovado
740;164;11;23;2.99;Aprovado
741;164;13;23;9.69;Aprovado
742;164;6;23;6.63;Cursando
743;164;5;23;3.5;Reprovado
744;165;15;20;9.48;Aprovado
745;165;2;20;8.39;Aprovado
746;165;16;20;5.66;Reprovado
747;165;3;20;9.53;Aprovado
748;166;20;24;0.7;Cursando
749;166;3;24;2.76;Reprovado
750;166;17;24;3.34;Reprovado
751;167;2;27;1.97;Reprovado
752;167;14;27;7.35;Aprovado
753;167;19;27;5.17;Reprovado
754;167;13;27;1.58;Cursando
755;167;15;27;3.05;Reprovado
756;168;14;3;0.94;Cursando
757;168;12;3;0.65;Reprovado
758;168;8;3;9.62;Aprovado
759;168;11;3;0.11;Cursando
760;168;17;3;7.08;Reprovado
761;168;2;3;6.38;Aprovado
762;169;7;30;2.75;Cursando
763;169;17;30;5.34;Reprovado
764;169;4;30;8.01;Aprovado
765;169;10;30;2.97;Aprovado
766;170;4;12;0.13;Cursando
767;170;2;12;2.93;Cursando
768;170;5;12;4.96;Aprovado
769;170;3;12;6.56;Cursando
770;170;12;12;2.81;Reprovado
771;170;6;12;3.41;Aprovado
772;171;4;24;8.04;Reprovado
773;171;18;24;1.78;Reprovado
774;171;8;24;9.35;Aprovado
775;171;17;24;1.16;Cursando
776;171;9;24;9.04;Cursando
777;171;7;24;8.31;Reprovado
778;172;20;22;7.48;Cursando
779;172;12;22;7.14;Reprovado
780;172;5;22;5.72;Cursando
781;172;13;22;0.52;Reprovado
782;172;14;22;7.56;Reprovado
783;172;8;22;2.84;Reprovado
784;173;15;28;7.15;Reprovado
785;173;9;28;5.41;Cursando
786;173;13;28;4.43;Aprovado
787;173;16;28;9.26;Aprovado
788;174;11;30;5.4;Aprovado
789;174;19;30;9.35;Reprovado
790;174;10;30;6.63;Reprovado
791;174;4;30;6.07;Aprovado
792;175;2;9;8.71;Aprovado
793;175;2;9;8.85;Aprovado
794;175;6;9;1.96;Reprovado
795;176;11;24;7.4;Cursando
796;176;16;24;2.34;Cursando
797;176;15;24;6.34;Aprovado
798;176;20;24;7.22;Reprovado
799;176;17;24;0.43;Cursando
800;177;14;5;7.62;Aprovado
801;177;3;5;3.38;Aprovado
802;177;20;5;8.83;Reprovado
803;178;14;17;8.65;Cursando
804;178;2;17;7.28;Aprovado
805;178;13;17;1.0;Reprovado
806;179;3;28;2.63;Cursando
807;179;18;28;7.53;Reprovado
808;179;15;28;5.77;Aprovado
809;180;13;15;4.25;Aprovado
810;180;19;15;0.9;Cursando
811;180;5;15;9.58;Aprovado
812;180;17;15;8.08;Cursando
813;180;3;15;7.0;Cursando
814;181;10;22;0.91;Aprovado
815;181;4;22;3.36;Reprovado
816;181;8;22;7.24;Aprovado
817;181;14;22;1.8;Aprovado
818;181;3;22;1.16;Reprovado
819;181;15;22;0.44;Reprovado
820;182;4;8;1.32;Cursando
821;182;6;8;5.31;Aprovado
822;182;7;8;1.62;Cursando
823;182;20;8;8.98;Cursando
824;183;18;27;8.9;Reprovado
825;183;4;27;4.61;Aprovado
826;183;18;27;6.62;Aprovado
827;183;18;27;4.14;Reprovado
828;184;17;21;1.5;Cursando
829;184;3;21;5.54;Reprovado
830;184;15;21;9.55;Cursando
831;184;15;21;1.63;Reprovado
832;184;17;21;3.83;Cursando
833;185;19;14;7.71;Aprovado
834;185;10;14;9.59;Aprovado
835;185;12;14;3.25;Cursando
836;185;8;14;7.44;Aprovado
837;186;20;14;4.92;Aprovado
838;186;11;14;2.19;Cursando
839;186;2;14;0.27;Cursando
840;186;5;14;3.43;Cursando
841;187;7;26;8.47;Aprovado
842;187;8;26;9.24;Aprovado
843;187;11;26;0.93;Reprovado
844;187;15;26;1.34;Reprovado
845;187;18;26;5.15;Cursando
846;188;1;12;0.9;Aprovado
847;188;20;12;2.37;Reprovado
848;188;18;12;4.61;Cursando
849;188;16;12;5.37;Aprovado
850;189;5;1;7.04;Reprovado
851;189;13;1;5.83;Cursando
852;189;9;1;4.55;Cursando
853;189;12;1;9.15;Reprovado
854;189;17;1;1.79;Aprovado
855;190;19;7;1.58;Reprovado
856;190;5;7;7.42;Aprovado
857;190;7;7;5.63;Cursando
858;191;3;30;5.12;Reprovado
859;191;2;30;4.77;Reprovado
860;191;2;30;4.81;Aprovado
861;191;19;30;1.46;Reprovado
862;191;5;30;3.41;Reprovado
863;191;4;30;9.25;Cursando
864;192;5;22;3.55;Aprovado
865;192;19;22;1.84;Cursando
866;192;2;22;7.87;Aprovado
867;192;5;22;1.12;Aprovado
868;192;10;22;8.74;Cursando
869;193;19;16;3.74;Aprovado
870;193;11;16;5.67;Aprovado
871;193;1;16;4.66;Reprovado
872;194;5;20;0.15;Aprovado
873;194;9;20;8.88;Aprovado
874;194;19;20;3.52;Cursando
875;194;18;20;7.77;Aprovado
876;194;14;20;9.09;Reprovado
877;194;18;20;3.95;Cursando
878;195;15;8;4.63;Aprovado
879;195;4;8;5.39;Aprovado
880;195;14;8;0.01;Reprovado
881;195;11;8;7.15;Cursando
882;195;3;8;8.4;Aprovado
883;195;16;8;6.37;Reprovado
884;196;18;28;6.09;Cursando
885;196;5;28;3.61;Cursando
886;196;9;28;1.33;Aprovado
887;196;18;28;1.44;Reprovado
888;197;7;29;9.49;Aprovado
889;197;19;29;7.89;Cursando
890;197;11;29;7.38;Aprovado
891;198;5;7;8.47;Cursando
892;198;20;7;1.27;Aprovado
893;198;3;7;2.81;Cursando
894;198;12;7;0.2;Cursando
895;198;7;7;8.95;Cursando
896;198;2;7;1.89;Aprovado
897;199;20;22;6.27;Cursando
898;199;16;22;2.76;Aprovado
899;199;6;22;3.15;Reprovado
900;199;19;22;1.39;Reprovado
901;200;15;27;1.95;Aprovado
902;200;19;27;5.54;Reprovado
903;200;1;27;4.49;Reprovado
904;201;15;1;7.9;Reprovado
905;201;17;1;5.48;Cursando
906;201;11;1;5.52;Reprovado
907;201;7;1;2.8;Cursando
908;201;12;1;3.63;Aprovado
909;201;18;1;6.2;Cursando
910;202;18;17;6.71;Cursando
911;202;20;17;1.66;Aprovado
912;202;4;17;9.9;Aprovado
913;202;7;17;0.71;Reprovado
914;203;18;17;0.66;Cursando
915;203;7;17;5.26;Reprovado
916;203;17;17;9.54;Aprovado
917;204;6;29;7.84;Reprovado
918;204;18;29;0.03;Reprovado
919;204;2;29;4.74;Cursando
920;204;7;29;8.78;Aprovado
921;205;14;14;0.91;Cursando
922;205;2;14;5.28;Cursando
923;205;1;14;4.17;Cursando
924;205;4;14;4.59;Cursando
925;205;13;14;3.51;Cursando
926;206;12;22;2.76;Cursando
927;206;10;22;9.82;Reprovado
928;206;13;22;4.6;Aprovado
929;206;5;22;3.17;Cursando
930;206;7;22;1.83;Aprovado
931;207;9;16;1.2;Aprovado
932;207;1;16;8.06;Cursando
933;207;4;16;7.81;Reprovado
934;207;6;16;0.34;Aprovado
935;207;17;16;8.5;Reprovado
936;208;15;5;7.87;Aprovado
937;208;13;5;0.9;Reprovado
938;208;6;5;4.43;Aprovado
939;208;13;5;3.03;Reprovado
940;209;16;1;1.61;Aprovado
941;209;3;1;4.15;Cursando
942;209;2;1;6.8;Aprovado
943;209;6;1;7.3;Aprovado
944;209;5;1;2.8;Aprovado
945;209;20;1;8.98;Cursando
946;210;3;30;2.77;Reprovado
947;210;17;30;9.96;Cursando
948;210;6;30;7.2;Aprovado
949;210;18;30;6.68;Reprovado
950;211;9;17;4.3;Cursando
951;211;11;17;1.07;Aprovado
952;211;3;17;6.23;Aprovado
953;211;12;17;6.09;Aprovado
954;211;20;17;6.99;Aprovado
955;211;3;17;9.22;Reprovado
956;212;8;22;3.78;Cursando
957;212;17;22;1.32;Aprovado
958;212;10;22;6.95;Cursando
959;212;16;22;7.03;Aprovado
960;212;13;22;5.33;Reprovado
961;212;5;22;5.72;Aprovado
962;213;12;17;5.78;Reprovado
963;213;11;17;2.47;Cursando
964;213;16;17;6.7;Aprovado
965;213;4;17;6.0;Cursando
966;213;12;17;7.72;Reprovado
967;213;20;17;4.27;Cursando
968;214;7;1;1.26;Cursando
969;214;15;1;2.0;Cursando
970;214;7;1;3.64;Cursando
971;214;14;1;4.45;Aprovado
972;214;12;1;1.01;Cursando
973;215;7;25;5.01;Aprovado
974;215;13;25;5.93;Cursando
975;215;5;25;5.79;Cursando
976;215;1;25;8.3;Aprovado
977;215;6;25;1.64;Reprovado
978;216;15;30;7.54;Aprovado
979;216;12;30;7.14;Cursando
980;216;12;30;2.1;Aprovado
981;216;13;30;2.35;Cursando
982;216;6;30;8.66;Cursando
983;217;15;3;0.45;Reprovado
984;217;3;3;5.63;Aprovado
985;217;14;3;8.94;Aprovado
986;217;14;3;8.34;Reprovado
987;218;17;27;0.01;Reprovado
988;218;9;27;6.84;Reprovado
989;218;20;27;1.44;Reprovado
990;218;8;27;4.12;Cursando
991;218;18;27;7.75;Aprovado
992;218;14;27;6.93;Reprovado
993;219;4;30;2.18;Cursando
994;219;16;30;1.86;Reprovado
995;219;16;30;8.25;Reprovado
996;220;3;12;9.43;Cursando
997;220;12;12;3.14;Aprovado
998;220;1;12;0.31;Reprovado
999;220;16;12;5.0;Aprovado
1000;221;4;10;3.4;Aprovado
1001;221;12;10;2.4;Cursando
1002;221;5;10;8.79;Cursando
1003;221;20;10;2.78;Reprovado
1004;222;7;21;5.9;Cursando
1005;222;2;21;6.45;Reprovado
1006;222;19;21;7.1;Reprovado
1007;222;18;21;8.21;Cursando
1008;222;14;21;3.56;Reprovado
1009;223;9;27;6.19;Cursando
1010;223;2;27;8.92;Cursando
1011;223;1;27;7.87;Cursando
1012;223;19;27;3.11;Cursando
1013;223;1;27;9.55;Cursando
1014;223;19;27;6.06;Cursando
1015;224;3;17;7.51;Cursando
1016;224;4;17;9.99;Aprovado
1017;224;20;17;6.02;Cursando
1018;224;2;17;8.38;Reprovado
1019;224;11;17;8.43;Cursando
1020;225;17;14;8.65;Aprovado
1021;225;7;14;8.34;Aprovado
1022;225;20;14;9.19;Cursando
1023;225;10;14;6.51;Reprovado
1024;226;18;19;2.08;Reprovado
1025;226;5;19;2.46;Aprovado
1026;226;20;19;4.23;Aprovado
1027;226;13;19;1.25;Reprovado
1028;226;19;19;4.1;Reprovado
1029;227;7;27;6.9;Cursando
1030;227;19;27;1.87;Cursando
1031;227;2;27;9.48;Cursando
1032;227;10;27;8.58;Aprovado
1033;227;1;27;2.4;Reprovado
1034;228;12;22;1.75;Cursando
1035;228;11;22;6.95;Cursando
1036;228;10;22;4.69;Cursando
1037;229;10;17;1.58;Reprovado
1038;229;1;17;5.35;Reprovado
1039;229;14;17;7.92;Cursando
1040;229;6;17;4.89;Reprovado
1041;229;3;17;9.1;Reprovado
1042;229;16;17;8.25;Aprovado
1043;230;16;4;3.21;Aprovado
1044;230;10;4;9.6;Cursando
1045;230;13;4;5.84;Cursando
1046;230;3;4;4.65;Cursando
1047;230;5;4;9.1;Cursando
1048;230;11;4;5.8;Aprovado
1049;231;9;22;9.2;Reprovado
1050;231;13;22;0.64;Cursando
1051;231;20;22;2.73;Cursando
1052;231;14;22;0.53;Aprovado
1053;231;14;22;9.68;Cursando
1054;231;1;22;6.54;Aprovado
1055;232;3;29;6.5;Cursando
1056;232;3;29;3.09;Aprovado
1057;232;18;29;9.27;Cursando
1058;232;18;29;2.68;Reprovado
1059;232;8;29;6.43;Aprovado
1060;232;1;29;1.32;Reprovado
1061;233;14;21;9.96;Cursando
1062;233;15;21;4.03;Reprovado
1063;233;8;21;0.31;Aprovado
1064;233;15;21;6.36;Cursando
1065;233;3;21;8.17;Cursando
1066;233;16;21;5.35;Aprovado
1067;234;17;14;8.72;Cursando
1068;234;5;14;9.76;Aprovado
1069;234;10;14;0.07;Reprovado
1070;234;8;14;4.21;Aprovado
1071;234;16;14;8.25;Cursando
1072;234;2;14;0.26;Cursando
1073;235;3;24;5.48;Cursando
1074;235;16;24;2.12;Reprovado
1075;235;10;24;0.06;Aprovado
1076;235;7;24;9.37;Reprovado
1077;236;9;9;4.26;Cursando
1078;236;12;9;9.27;Aprovado
1079;236;9;9;5.82;Cursando
1080;236;1;9;6.17;Reprovado
1081;236;19;9;5.18;Reprovado
1082;236;8;9;9.02;Cursando
1083;237;10;28;1.77;Aprovado
1084;237;20;28;2.09;Reprovado
1085;237;8;28;8.46;Aprovado
1086;237;3;28;1.95;Aprovado
1087;237;5;28;0.66;Reprovado
1088;238;16;17;0.1;Aprovado
1089;238;12;17;3.7;Cursando
1090;238;13;17;6.45;Aprovado
1091;238;9;17;5.81;Aprovado
1092;239;11;2;3.25;Aprovado
1093;239;2;2;3.8;Cursando
1094;239;20;2;4.95;Aprovado
1095;239;3;2;4.4;Reprovado
1096;239;20;2;3.61;Aprovado
1097;240;1;22;3.47;Aprovado
1098;240;5;22;0.09;Cursando
1099;240;8;22;9.73;Cursando
1100;240;14;22;1.1;Aprovado
1101;240;2;22;2.5;Cursando
1102;240;7;22;7.04;Aprovado
1103;241;8;17;4.56;Aprovado
1104;241;20;17;5.84;Reprovado
1105;241;12;17;5.91;Cursando
1106;242;8;17;2.24;Cursando
1107;242;16;17;1.84;Cursando
1108;242;4;17;7.77;Aprovado
1109;242;16;17;9.53;Reprovado
1110;243;6;10;3.34;Reprovado
1111;243;12;10;7.9;Aprovado
1112;243;14;10;3.91;Aprovado
1113;243;18;10;5.14;Cursando
1114;243;4;10;0.84;Aprovado
1115;244;19;20;2.64;Cursando
1116;244;7;20;1.4;Cursando
1117;244;19;20;7.75;Reprovado
1118;244;8;20;0.09;Reprovado
1119;244;2;20;0.93;Cursando
1120;245;10;10;3.38;Reprovado
1121;245;15;10;3.71;Aprovado
1122;245;6;10;0.4;Cursando
1123;246;2;28;2.49;Cursando
1124;246;10;28;7.54;Reprovado
1125;246;6;28;4.57;Cursando
1126;246;10;28;5.47;Aprovado
1127;246;5;28;6.35;Reprovado
1128;246;20;28;4.64;Reprovado
1129;247;4;24;8.21;Aprovado
1130;247;19;24;7.46;Cursando
1131;247;2;24;3.8;Aprovado
1132;247;15;24;7.89;Aprovado
1133;247;13;24;4.63;Cursando
1134;248;3;27;4.24;Reprovado
1135;248;20;27;3.37;Aprovado
1136;248;16;27;2.46;Aprovado
1137;248;14;27;7.31;Aprovado
1138;248;20;27;8.4;Reprovado
1139;248;17;27;0.28;Aprovado
1140;249;1;16;5.59;Reprovado
1141;249;17;16;0.76;Aprovado
1142;249;7;16;6.32;Reprovado
1143;250;3;11;2.93;Aprovado
1144;250;17;11;5.32;Reprovado
1145;250;17;11;4.41;Cursando
1146;250;3;11;4.19;Aprovado
1147;250;13;11;0.83;Cursando
1148;251;7;7;4.87;Cursando
1149;251;1;7;3.36;Aprovado
1150;251;14;7;5.98;Cursando
1151;251;2;7;1.8;Aprovado
1152;251;6;7;6.3;Cursando
1153;252;11;21;4.93;Cursando
1154;252;15;21;4.83;Reprovado
1155;252;6;21;2.43;Cursando
1156;252;8;21;0.36;Cursando
1157;252;4;21;2.78;Reprovado
1158;253;7;27;6.05;Aprovado
1159;253;10;27;0.18;Reprovado
1160;253;7;27;6.81;Aprovado
1161;254;5;16;6.76;Aprovado
1162;254;1;16;0.26;Aprovado
1163;254;13;16;3.08;Cursando
1164;254;7;16;7.16;Aprovado
1165;255;10;4;8.9;Cursando
1166;255;10;4;1.33;Cursando
1167;255;14;4;8.03;Reprovado
1168;255;11;4;1.35;Aprovado
1169;256;16;16;5.41;Reprovado
1170;256;15;16;0.39;Cursando
1171;256;15;16;7.95;Aprovado
1172;256;16;16;1.27;Aprovado
1173;256;17;16;1.5;Reprovado
1174;257;20;5;0.49;Aprovado
1175;257;17;5;6.64;Reprovado
1176;257;6;5;7.45;Cursando
1177;257;10;5;0.75;Reprovado
1178;258;11;30;7.39;Cursando
1179;258;14;30;6.1;Reprovado
1180;258;2;30;9.09;Cursando
1181;258;10;30;1.15;Reprovado
1182;258;1;30;4.52;Reprovado
1183;259;14;30;9.0;Aprovado
1184;259;1;30;7.88;Aprovado
1185;259;20;30;8.49;Reprovado
1186;259;13;30;7.9;Reprovado
1187;259;9;30;9.99;Reprovado
1188;260;4;24;3.51;Reprovado
1189;260;1;24;7.62;Cursando
1190;260;18;24;6.75;Aprovado
1191;260;13;24;3.85;Aprovado
1192;261;13;30;2.93;Aprovado
1193;261;1;30;4.61;Cursando
1194;261;2;30;9.7;Aprovado
1195;262;13;16;7.12;Aprovado
1196;262;12;16;8.98;Reprovado
1197;262;17;16;7.51;Reprovado
1198;262;8;16;6.17;Aprovado
1199;262;8;16;0.24;Reprovado
1200;263;14;30;4.51;Cursando
1201;263;6;30;2.79;Cursando
1202;263;10;30;1.56;Aprovado
1203;263;5;30;2.77;Cursando
1204;263;20;30;4.7;Cursando
1205;264;10;17;9.17;Cursando
1206;264;13;17;4.12;Aprovado
1207;264;11;17;0.25;Reprovado
1208;264;9;17;0.02;Cursando
1209;264;6;17;3.27;Reprovado
1210;265;5;16;4.81;Aprovado
1211;265;18;16;1.02;Cursando
1212;265;6;16;4.45;Reprovado
1213;265;15;16;4.32;Cursando
1214;265;7;16;1.91;Aprovado
1215;265;19;16;9.39;Cursando
1216;266;13;30;9.47;Aprovado
1217;266;20;30;7.24;Cursando
1218;266;18;30;2.7;Aprovado
1219;266;19;30;8.49;Aprovado
1220;266;9;30;4.77;Reprovado
1221;267;7;2;8.67;Cursando
1222;267;19;2;7.09;Cursando
1223;267;15;2;9.22;Aprovado
1224;268;14;8;1.89;Cursando
1225;268;15;8;9.41;Cursando
1226;268;5;8;4.85;Cursando
1227;269;13;13;1.34;Cursando
1228;269;20;13;8.29;Cursando
1229;269;20;13;4.16;Reprovado
1230;269;19;13;4.52;Cursando
1231;270;18;30;1.33;Aprovado
1232;270;17;30;4.01;Reprovado
1233;270;16;30;9.51;Aprovado
1234;271;1;27;8.66;Cursando
1235;271;20;27;8.16;Cursando
1236;271;17;27;5.74;Aprovado
1237;271;19;27;9.71;Aprovado
1238;271;19;27;6.06;Cursando
1239;272;12;17;2.56;Aprovado
1240;272;7;17;3.77;Cursando
1241;272;3;17;5.18;Reprovado
1242;272;4;17;2.63;Reprovado
1243;272;14;17;7.8;Reprovado
1244;272;8;17;5.44;Reprovado
1245;273;20;23;3.93;Reprovado
1246;273;14;23;7.21;Aprovado
1247;273;7;23;5.64;Aprovado
1248;274;4;30;8.33;Cursando
1249;274;1;30;5.21;Cursando
1250;274;7;30;2.95;Reprovado
1251;275;4;30;6.24;Aprovado
1252;275;20;30;1.94;Aprovado
1253;275;14;30;4.27;Cursando
1254;276;20;30;0.23;Reprovado
1255;276;11;30;1.21;Aprovado
1256;276;9;30;6.08;Aprovado
1257;276;1;30;2.25;Cursando
1258;277;13;3;7.44;Cursando
1259;277;6;3;1.66;Aprovado
1260;277;5;3;7.93;Aprovado
1261;277;15;3;5.34;Reprovado
1262;277;12;3;6.99;Cursando
1263;277;19;3;9.55;Cursando
1264;278;10;14;9.0;Reprovado
1265;278;18;14;9.8;Cursando
1266;278;15;14;3.57;Cursando
1267;278;8;14;1.36;Aprovado
1268;278;2;14;8.42;Cursando
1269;279;2;2;8.59;Aprovado
1270;279;7;2;9.47;Reprovado
1271;279;7;2;1.75;Cursando
1272;279;20;2;7.2;Reprovado
1273;280;17;24;8.24;Reprovado
1274;280;1;24;2.13;Aprovado
1275;280;20;24;0.06;Aprovado
1276;280;4;24;5.17;Reprovado
1277;280;20;24;6.56;Aprovado
1278;281;13;27;5.51;Aprovado
1279;281;20;27;5.18;Reprovado
1280;281;12;27;0.63;Aprovado
1281;281;16;27;6.17;Reprovado
1282;282;16;18;6.08;Aprovado
1283;282;20;18;4.47;Reprovado
1284;282;15;18;2.7;Aprovado
1285;282;7;18;7.13;Reprovado
1286;282;14;18;4.71;Aprovado
1287;283;3;17;5.65;Reprovado
1288;283;9;17;4.34;Reprovado
1289;283;7;17;3.01;Aprovado
1290;283;7;17;0.74;Cursando
1291;283;3;17;0.7;Reprovado
1292;283;19;17;0.06;Aprovado
1293;284;15;27;2.44;Aprovado
1294;284;5;27;2.34;Reprovado
1295;284;17;27;1.91;Aprovado
1296;285;16;15;2.44;Reprovado
1297;285;1;15;9.25;Reprovado
1298;285;13;15;5.03;Cursando
1299;285;5;15;0.23;Cursando
1300;286;20;2;3.8;Aprovado
1301;286;20;2;1.9;Aprovado
1302;286;11;2;5.36;Reprovado
1303;286;11;2;0.97;Cursando
1304;287;17;28;1.46;Cursando
1305;287;18;28;7.24;Reprovado
1306;287;2;28;4.77;Cursando
1307;287;13;28;3.99;Cursando
1308;287;9;28;8.91;Cursando
1309;287;16;28;0.26;Cursando
1310;288;5;18;4.12;Reprovado
1311;288;4;18;0.32;Aprovado
1312;288;17;18;5.34;Reprovado
1313;289;6;23;8.68;Aprovado
1314;289;5;23;1.14;Aprovado
1315;289;8;23;5.69;Reprovado
1316;289;5;23;1.39;Aprovado
1317;290;5;2;9.68;Reprovado
1318;290;13;2;2.32;Reprovado
1319;290;4;2;4.65;Cursando
1320;290;13;2;5.36;Aprovado
1321;291;15;7;4.08;Aprovado
1322;291;20;7;0.13;Reprovado
1323;291;13;7;4.11;Aprovado
1324;291;14;7;8.53;Reprovado
1325;292;9;30;4.27;Aprovado
1326;292;19;30;6.93;Aprovado
1327;292;8;30;6.67;Aprovado
1328;293;16;11;1.8;Aprovado
1329;293;7;11;7.23;Aprovado
1330;293;3;11;9.16;Aprovado
1331;293;12;11;6.69;Aprovado
1332;293;3;11;2.06;Cursando
1333;294;11;22;5.68;Cursando
1334;294;14;22;2.95;Cursando
1335;294;18;22;8.46;Aprovado
1336;294;19;22;2.12;Aprovado
1337;294;8;22;5.28;Cursando
1338;294;14;22;9.14;Cursando
1339;295;18;17;3.38;Cursando
1340;295;6;17;1.06;Reprovado
1341;295;3;17;9.21;Reprovado
1342;295;7;17;7.57;Cursando
1343;296;19;22;9.59;Cursando
1344;296;11;22;0.98;Cursando
1345;296;17;22;3.51;Reprovado
1346;296;7;22;3.88;Reprovado
1347;297;14;28;9.48;Aprovado
1348;297;14;28;6.85;Aprovado
1349;297;12;28;6.9;Aprovado
1350;298;11;1;4.3;Aprovado
1351;298;2;1;9.35;Cursando
1352;298;7;1;2.73;Reprovado
1353;298;7;1;4.06;Reprovado
1354;299;13;2;5.79;Aprovado
1355;299;14;2;9.07;Cursando
1356;299;15;2;8.57;Aprovado
1357;299;13;2;3.17;Reprovado
1358;300;3;5;4.02;Cursando
1359;300;11;5;4.51;Aprovado
1360;300;15;5;9.77;Reprovado
1361;300;5;5;6.47;Cursando
1362;300;2;5;3.4;Cursando
1363;300;9;5;9.61;Aprovado
1364;301;6;14;5.48;Reprovado
1365;301;5;14;8.93;Aprovado
1366;301;10;14;6.41;Reprovado
1367;302;8;29;6.66;Cursando
1368;302;19;29;5.45;Aprovado
1369;302;18;29;6.79;Aprovado
1370;302;14;29;0.01;Cursando
1371;302;1;29;2.86;Aprovado
1372;302;16;29;2.91;Aprovado
1373;303;6;18;5.78;Aprovado
1374;303;12;18;2.33;Cursando
1375;303;19;18;9.1;Reprovado
1376;304;7;5;1.39;Cursando
1377;304;2;5;5.99;Reprovado
1378;304;9;5;1.09;Aprovado
1379;304;1;5;2.5;Reprovado
1380;304;18;5;2.38;Aprovado
1381;305;7;27;5.0;Reprovado
1382;305;19;27;9.45;Cursando
1383;305;15;27;4.15;Aprovado
1384;306;8;25;0.81;Reprovado
1385;306;16;25;5.33;Cursando
1386;306;15;25;7.98;Reprovado
1387;306;16;25;1.24;Aprovado
1388;306;16;25;6.83;Cursando
1389;306;11;25;8.64;Aprovado
1390;307;7;17;2.65;Reprovado
1391;307;17;17;8.6;Cursando
1392;307;20;17;6.91;Reprovado
1393;307;17;17;7.86;Cursando
1394;308;4;30;9.66;Reprovado
1395;308;1;30;7.63;Aprovado
1396;308;5;30;6.49;Cursando
1397;308;12;30;4.78;Aprovado
1398;308;6;30;9.88;Aprovado
1399;309;12;18;8.06;Cursando
1400;309;1;18;0.98;Cursando
1401;309;4;18;9.67;Reprovado
1402;309;17;18;4.98;Cursando
1403;310;1;12;1.01;Reprovado
1404;310;10;12;2.59;Reprovado
1405;310;16;12;7.75;Aprovado
1406;311;3;27;6.26;Cursando
1407;311;13;27;7.19;Cursando
1408;311;2;27;9.77;Reprovado
1409;311;7;27;3.57;Cursando
1410;311;4;27;1.51;Aprovado
1411;311;1;27;9.19;Reprovado
1412;312;4;27;1.21;Reprovado
1413;312;4;27;4.34;Aprovado
1414;312;15;27;7.28;Cursando
1415;312;6;27;4.28;Reprovado
1416;312;19;27;1.72;Aprovado
1417;312;6;27;0.82;Aprovado
1418;313;19;9;8.15;Cursando
1419;313;16;9;7.09;Cursando
1420;313;18;9;4.86;Reprovado
1421;313;7;9;7.92;Cursando
1422;313;6;9;0.53;Aprovado
1423;314;3;30;5.24;Reprovado
1424;314;10;30;8.85;Reprovado
1425;314;1;30;2.22;Reprovado
1426;314;11;30;7.63;Cursando
1427;314;2;30;8.58;Aprovado
1428;314;9;30;2.04;Reprovado
1429;315;9;2;8.28;Aprovado
1430;315;8;2;9.93;Reprovado
1431;315;19;2;5.57;Reprovado
1432;315;14;2;8.4;Cursando
1433;315;12;2;2.68;Cursando
1434;315;1;2;3.86;Aprovado
1435;316;18;1;0.94;Reprovado
1436;316;5;1;3.84;Aprovado
1437;316;12;1;0.89;Cursando
1438;316;5;1;1.44;Cursando
1439;316;11;1;0.97;Aprovado
1440;316;6;1;3.27;Reprovado
1441;317;20;14;9.29;Reprovado
1442;317;9;14;9.04;Reprovado
1443;317;5;14;6.26;Cursando
1444;317;18;14;5.91;Aprovado
1445;317;18;14;0.01;Reprovado
1446;317;11;14;6.22;Cursando
1447;318;16;30;0.25;Aprovado
1448;318;14;30;4.44;Cursando
1449;318;20;30;8.06;Reprovado
1450;318;10;30;4.71;Reprovado
1451;318;8;30;0.81;Reprovado
1452;319;10;9;4.15;Cursando
1453;319;20;9;1.07;Reprovado
1454;319;11;9;8.07;Reprovado
1455;319;9;9;0.62;Reprovado
1456;320;10;27;5.48;Reprovado
1457;320;6;27;3.22;Reprovado
1458;320;7;27;1.66;Cursando
1459;320;8;27;3.83;Aprovado
1460;320;17;27;3.95;Cursando
1461;320;4;27;9.63;Aprovado
1462;321;12;17;7.74;Reprovado
1463;321;18;17;0.69;Aprovado
1464;321;20;17;4.25;Aprovado
1465;321;18;17;7.55;Cursando
1466;322;7;11;1.45;Reprovado
1467;322;1;11;3.3;Aprovado
1468;322;11;11;9.12;Reprovado
1469;322;18;11;7.99;Aprovado
1470;322;7;11;8.02;Reprovado
1471;323;4;5;5.82;Cursando
1472;323;5;5;5.36;Aprovado
1473;323;17;5;2.28;Reprovado
1474;323;9;5;6.28;Aprovado
1475;323;16;5;9.45;Aprovado
1476;324;19;9;2.1;Reprovado
1477;324;18;9;9.68;Reprovado
1478;324;10;9;3.56;Reprovado
1479;324;20;9;0.03;Aprovado
1480;324;20;9;8.89;Aprovado
1481;325;4;10;7.57;Reprovado
1482;325;15;10;1.16;Reprovado
1483;325;12;10;8.9;Cursando
1484;325;18;10;2.91;Aprovado
1485;326;10;18;7.7;Reprovado
1486;326;6;18;3.18;Reprovado
1487;326;11;18;0.59;Cursando
1488;326;11;18;4.18;Reprovado
1489;327;16;30;7.04;Aprovado
1490;327;17;30;1.46;Cursando
1491;327;20;30;8.76;Cursando
1492;327;1;30;8.87;Aprovado
1493;327;14;30;5.29;Reprovado
1494;327;17;30;2.6;Reprovado
1495;328;1;24;5.69;Aprovado
1496;328;6;24;7.55;Cursando
1497;328;16;24;3.2;Aprovado
1498;328;6;24;8.07;Cursando
1499;328;18;24;3.65;Aprovado
1500;328;3;24;9.5;Aprovado
1501;329;2;5;1.8;Cursando
1502;329;16;5;7.62;Reprovado
1503;329;9;5;2.65;Cursando
1504;329;9;5;4.22;Cursando
1505;329;20;5;7.57;Aprovado
1506;329;16;5;5.15;Aprovado
1507;330;11;20;2.24;Cursando
1508;330;10;20;7.91;Aprovado
1509;330;4;20;4.48;Reprovado
1510;330;11;20;9.02;Cursando
1511;330;7;20;7.6;Aprovado
1512;330;15;20;7.95;Cursando
1513;331;14;20;8.3;Reprovado
1514;331;7;20;3.01;Reprovado
1515;331;12;20;3.45;Aprovado
1516;331;5;20;0.93;Aprovado
1517;331;6;20;8.34;Aprovado
1518;332;7;27;4.02;Cursando
1519;332;16;27;7.94;Cursando
1520;332;1;27;5.44;Aprovado
1521;333;3;30;4.88;Aprovado
1522;333;19;30;6.22;Aprovado
1523;333;16;30;4.68;Aprovado
1524;334;6;9;0.82;Reprovado
1525;334;9;9;5.83;Cursando
1526;334;20;9;0.96;Reprovado
1527;334;6;9;4.54;Cursando
1528;334;15;9;2.52;Cursando
1529;334;13;9;8.99;Cursando
1530;335;6;28;9.03;Reprovado
1531;335;18;28;1.51;Reprovado
1532;335;2;28;3.2;Aprovado
1533;336;11;9;9.86;Cursando
1534;336;12;9;4.81;Cursando
1535;336;10;9;3.21;Reprovado
1536;336;5;9;1.32;Cursando
1537;337;1;14;7.56;Cursando
1538;337;19;14;3.85;Aprovado
1539;337;14;14;0.66;Reprovado
1540;337;19;14;4.88;Cursando
1541;337;13;14;1.04;Aprovado
1542;338;14;22;7.05;Aprovado
1543;338;2;22;4.11;Cursando
1544;338;15;22;8.0;Reprovado
1545;338;9;22;9.11;Reprovado
1546;339;9;7;8.52;Cursando
1547;339;12;7;2.36;Reprovado
1548;339;10;7;9.47;Reprovado
1549;340;12;17;2.89;Cursando
1550;340;18;17;5.34;Aprovado
1551;340;10;17;9.64;Cursando
1552;341;2;30;6.43;Aprovado
1553;341;8;30;5.78;Cursando
1554;341;9;30;2.62;Cursando
1555;341;19;30;2.85;Cursando
1556;341;13;30;0.94;Aprovado
1557;341;12;30;0.77;Aprovado
1558;342;6;23;2.84;Reprovado
1559;342;7;23;6.03;Reprovado
1560;342;12;23;2.81;Cursando
1561;342;4;23;4.64;Cursando
1562;342;17;23;6.26;Reprovado
1563;343;19;12;5.55;Cursando
1564;343;19;12;4.85;Aprovado
1565;343;7;12;3.27;Reprovado
1566;344;5;10;0.2;Reprovado
1567;344;9;10;0.71;Cursando
1568;344;1;10;8.87;Aprovado
1569;345;6;30;4.79;Reprovado
1570;345;19;30;8.76;Reprovado
1571;345;12;30;1.42;Aprovado
1572;345;8;30;1.2;Cursando
1573;345;5;30;6.86;Aprovado
1574;346;15;4;5.7;Cursando
1575;346;16;4;0.33;Aprovado
1576;346;12;4;3.36;Cursando
1577;346;1;4;6.95;Aprovado
1578;346;14;4;0.24;Aprovado
1579;347;20;1;0.83;Aprovado
1580;347;17;1;6.98;Reprovado
1581;347;16;1;0.21;Aprovado
1582;347;10;1;0.08;Cursando
1583;347;7;1;5.35;Aprovado
1584;348;7;28;4.15;Reprovado
1585;348;6;28;0.34;Cursando
1586;348;16;28;3.2;Reprovado
1587;348;17;28;2.39;Aprovado
1588;349;2;17;3.65;Aprovado
1589;349;12;17;7.06;Reprovado
1590;349;10;17;7.55;Reprovado
1591;349;10;17;0.2;Reprovado
1592;350;13;20;8.82;Cursando
1593;350;7;20;0.34;Cursando
1594;350;16;20;6.11;Cursando
1595;350;15;20;2.47;Aprovado
1596;350;1;20;4.81;Reprovado
1597;351;13;17;8.95;Cursando
1598;351;17;17;9.06;Reprovado
1599;351;12;17;4.85;Aprovado
1600;351;7;17;1.94;Aprovado
1601;351;14;17;8.2;Cursando
1602;352;19;30;9.66;Aprovado
1603;352;4;30;8.11;Aprovado
1604;352;11;30;2.57;Reprovado
1605;353;10;5;3.63;Reprovado
1606;353;15;5;3.26;Aprovado
1607;353;8;5;6.08;Reprovado
1608;353;8;5;0.47;Cursando
1609;353;19;5;8.06;Reprovado
1610;354;9;19;5.03;Aprovado
1611;354;16;19;0.34;Cursando
1612;354;4;19;4.12;Cursando
1613;354;8;19;8.28;Aprovado
1614;354;6;19;2.11;Aprovado
1615;354;2;19;7.68;Cursando
1616;355;11;25;5.5;Aprovado
1617;355;4;25;0.36;Aprovado
1618;355;11;25;8.76;Cursando
1619;355;10;25;9.89;Reprovado
1620;355;20;25;9.73;Reprovado
1621;355;7;25;6.69;Cursando
1622;356;9;12;5.8;Cursando
1623;356;17;12;2.64;Cursando
1624;356;1;12;1.18;Aprovado
1625;356;5;12;7.98;Cursando
1626;356;6;12;5.64;Cursando
1627;356;5;12;0.82;Aprovado
1628;357;13;17;0.77;Aprovado
1629;357;11;17;1.84;Reprovado
1630;357;15;17;8.74;Cursando
1631;357;8;17;1.8;Reprovado
1632;357;16;17;4.75;Reprovado
1633;357;1;17;0.86;Cursando
1634;358;12;15;7.26;Cursando
1635;358;10;15;2.07;Reprovado
1636;358;19;15;0.23;Aprovado
1637;358;6;15;5.95;Reprovado
1638;359;10;30;8.77;Aprovado
1639;359;5;30;7.85;Reprovado
1640;359;20;30;6.52;Cursando
1641;359;1;30;5.02;Reprovado
1642;359;12;30;3.99;Reprovado
1643;359;12;30;8.45;Aprovado
1644;360;1;13;4.1;Aprovado
1645;360;10;13;3.75;Aprovado
1646;360;15;13;5.7;Reprovado
1647;360;16;13;0.45;Reprovado
1648;361;19;30;5.77;Aprovado
1649;361;5;30;6.91;Aprovado
1650;361;19;30;5.33;Aprovado
1651;361;11;30;7.09;Aprovado
1652;361;15;30;0.31;Cursando
1653;362;14;28;9.76;Cursando
1654;362;17;28;9.28;Aprovado
1655;362;17;28;6.21;Aprovado
1656;362;16;28;4.7;Aprovado
1657;362;19;28;8.43;Aprovado
1658;363;14;8;7.16;Aprovado
1659;363;18;8;3.31;Reprovado
1660;363;19;8;4.49;Reprovado
1661;363;8;8;2.13;Aprovado
1662;364;2;24;4.29;Reprovado
1663;364;12;24;4.84;Aprovado
1664;364;1;24;7.03;Cursando
1665;364;13;24;0.24;Cursando
1666;364;6;24;5.07;Cursando
1667;364;2;24;5.62;Cursando
1668;365;9;9;6.54;Aprovado
1669;365;8;9;8.06;Cursando
1670;365;18;9;4.08;Aprovado
1671;365;15;9;8.91;Reprovado
1672;365;7;9;5.7;Reprovado
1673;365;2;9;1.29;Aprovado
1674;366;2;17;3.15;Reprovado
1675;366;8;17;1.54;Cursando
1676;366;18;17;3.27;Aprovado
1677;366;7;17;4.29;Aprovado
1678;366;4;17;4.91;Reprovado
1679;367;4;17;7.38;Cursando
1680;367;13;17;0.37;Reprovado
1681;367;13;17;5.39;Aprovado
1682;367;8;17;3.91;Cursando
1683;367;9;17;4.73;Aprovado
1684;368;10;30;1.52;Aprovado
1685;368;20;30;5.13;Aprovado
1686;368;11;30;9.99;Reprovado
1687;368;4;30;3.92;Reprovado
1688;368;9;30;0.6;Cursando
1689;368;3;30;4.51;Cursando
1690;369;18;30;6.68;Reprovado
1691;369;16;30;7.77;Cursando
1692;369;10;30;7.64;Aprovado
1693;370;18;14;4.01;Reprovado
1694;370;4;14;5.59;Cursando
1695;370;16;14;4.69;Aprovado
1696;370;7;14;6.53;Cursando
1697;370;14;14;1.55;Aprovado
1698;370;19;14;4.35;Aprovado
1699;371;20;22;2.96;Reprovado
1700;371;8;22;7.0;Cursando
1701;371;11;22;5.3;Reprovado
1702;371;10;22;9.37;Aprovado
1703;371;16;22;1.14;Reprovado
1704;372;9;17;7.64;Cursando
1705;372;7;17;0.66;Reprovado
1706;372;16;17;4.56;Aprovado
1707;372;17;17;1.22;Aprovado
1708;373;7;8;8.64;Aprovado
1709;373;14;8;4.52;Aprovado
1710;373;4;8;7.19;Aprovado
1711;374;6;30;7.31;Cursando
1712;374;11;30;2.22;Cursando
1713;374;17;30;4.49;Aprovado
1714;374;2;30;8.6;Cursando
1715;374;5;30;0.67;Aprovado
1716;375;17;27;9.81;Aprovado
1717;375;7;27;1.74;Cursando
1718;375;3;27;7.87;Reprovado
1719;375;17;27;0.3;Reprovado
1720;376;9;28;6.53;Cursando
1721;376;19;28;0.78;Cursando
1722;376;2;28;1.85;Reprovado
1723;377;16;2;8.44;Aprovado
1724;377;9;2;5.59;Cursando
1725;377;1;2;2.58;Aprovado
1726;377;18;2;6.37;Aprovado
1727;377;9;2;9.31;Cursando
1728;378;7;8;0.22;Cursando
1729;378;13;8;7.27;Aprovado
1730;378;4;8;6.03;Aprovado
1731;378;8;8;7.31;Cursando
1732;378;5;8;3.9;Cursando
1733;378;8;8;6.77;Reprovado
1734;379;15;17;1.65;Cursando
1735;379;1;17;3.68;Reprovado
1736;379;1;17;3.74;Reprovado
1737;380;8;30;9.49;Reprovado
1738;380;9;30;8.86;Aprovado
1739;380;7;30;0.47;Cursando
1740;380;16;30;2.68;Reprovado
1741;380;15;30;1.88;Cursando
1742;381;1;29;5.75;Cursando
1743;381;6;29;3.01;Aprovado
1744;381;20;29;9.29;Aprovado
1745;382;8;27;6.86;Reprovado
1746;382;11;27;4.36;Aprovado
1747;382;18;27;8.3;Aprovado
1748;382;14;27;4.34;Aprovado
1749;382;3;27;3.34;Aprovado
1750;383;16;24;8.95;Aprovado
1751;383;9;24;4.47;Aprovado
1752;383;15;24;8.01;Reprovado
1753;383;15;24;6.35;Aprovado
1754;383;10;24;4.54;Aprovado
1755;384;7;4;1.7;Reprovado
1756;384;11;4;1.5;Aprovado
1757;384;1;4;6.56;Reprovado
1758;384;17;4;2.5;Aprovado
1759;384;15;4;2.03;Reprovado
1760;384;4;4;9.31;Cursando
1761;385;3;20;2.13;Cursando
1762;385;15;20;7.47;Aprovado
1763;385;8;20;4.69;Aprovado
1764;385;2;20;5.54;Cursando
1765;385;1;20;8.86;Cursando
1766;386;20;27;3.22;Cursando
1767;386;17;27;0.65;Cursando
1768;386;1;27;4.36;Cursando
1769;386;12;27;0.59;Cursando
1770;386;8;27;3.13;Reprovado
1771;387;14;17;5.81;Reprovado
1772;387;3;17;2.48;Aprovado
1773;387;4;17;0.72;Cursando
1774;387;20;17;2.93;Aprovado
1775;387;11;17;9.88;Reprovado
1776;388;13;20;2.22;Aprovado
1777;388;18;20;6.88;Cursando
1778;388;9;20;9.68;Aprovado
1779;388;2;20;6.35;Reprovado
1780;388;11;20;9.59;Reprovado
1781;389;7;22;9.36;Reprovado
1782;389;5;22;5.83;Aprovado
1783;389;8;22;2.72;Aprovado
1784;389;19;22;4.93;Aprovado
1785;389;2;22;2.33;Aprovado
1786;389;8;22;1.9;Aprovado
1787;390;17;12;0.78;Reprovado
1788;390;1;12;4.66;Aprovado
1789;390;8;12;1.28;Cursando
1790;390;13;12;2.62;Reprovado
1791;390;11;12;2.78;Cursando
1792;391;3;13;2.21;Aprovado
1793;391;20;13;1.11;Aprovado
1794;391;8;13;0.14;Reprovado
1795;391;4;13;5.34;Cursando
1796;392;5;7;5.5;Aprovado
1797;392;1;7;9.42;Reprovado
1798;392;2;7;0.11;Aprovado
1799;392;7;7;5.19;Cursando
1800;393;5;30;1.24;Aprovado
1801;393;12;30;1.78;Aprovado
1802;393;10;30;8.44;Cursando
1803;393;5;30;0.29;Reprovado
1804;393;11;30;3.08;Cursando
1805;394;1;2;0.1;Aprovado
1806;394;5;2;3.86;Cursando
1807;394;14;2;7.07;Aprovado
1808;394;12;2;9.44;Cursando
1809;394;1;2;3.04;Cursando
1810;395;5;6;8.95;Cursando
1811;395;18;6;5.03;Cursando
1812;395;15;6;2.18;Cursando
1813;396;13;30;8.74;Reprovado
1814;396;11;30;1.74;Cursando
1815;396;6;30;9.26;Reprovado
1816;396;19;30;3.79;Aprovado
1817;397;16;17;1.71;Reprovado
1818;397;7;17;9.93;Reprovado
1819;397;4;17;3.43;Reprovado
1820;397;20;17;2.64;Aprovado
1821;397;2;17;4.47;Reprovado
1822;397;4;17;4.82;Cursando
1823;398;2;17;6.27;Reprovado
1824;398;7;17;0.3;Cursando
1825;398;17;17;3.07;Aprovado
1826;398;6;17;7.73;Cursando
1827;398;7;17;3.8;Reprovado
1828;398;2;17;6.68;Aprovado
1829;399;7;6;8.67;Reprovado
1830;399;3;6;4.1;Cursando
1831;399;15;6;4.5;Cursando
1832;399;3;6;7.92;Aprovado
1833;399;12;6;9.87;Cursando
1834;400;17;1;6.57;Aprovado
1835;400;15;1;6.5;Cursando
1836;400;15;1;8.59;Reprovado
1837;400;9;1;6.91;Cursando
1838;400;17;1;1.62;Reprovado
1839;400;2;1;1.33;Aprovado
1840;401;6;14;2.82;Cursando
1841;401;4;14;0.26;Cursando
1842;401;15;14;2.1;Aprovado
1843;401;8;14;7.07;Reprovado
1844;401;16;14;5.35;Aprovado
1845;401;10;14;3.73;Reprovado
1846;402;8;27;2.07;Aprovado
1847;402;14;27;1.36;Reprovado
1848;402;20;27;1.0;Reprovado
1849;402;12;27;4.92;Aprovado
1850;402;8;27;6.56;Aprovado
1851;402;12;27;3.12;Cursando
1852;403;13;27;6.4;Cursando
1853;403;18;27;4.94;Reprovado
1854;403;2;27;9.65;Reprovado
1855;403;20;27;4.97;Aprovado
1856;403;7;27;1.19;Cursando
1857;404;11;20;8.02;Aprovado
1858;404;17;20;10.0;Cursando
1859;404;15;20;7.41;Reprovado
1860;404;14;20;3.86;Aprovado
1861;404;8;20;4.35;Cursando
1862;404;13;20;7.01;Reprovado
1863;405;4;22;7.02;Cursando
1864;405;1;22;9.98;Aprovado
1865;405;19;22;1.2;Aprovado
1866;405;19;22;3.86;Cursando
1867;405;13;22;1.77;Aprovado
1868;406;7;24;5.49;Reprovado
1869;406;15;24;8.47;Reprovado
1870;406;11;24;9.59;Cursando
1871;407;20;13;8.86;Aprovado
1872;407;10;13;8.37;Cursando
1873;407;6;13;7.93;Cursando
1874;407;14;13;3.41;Cursando
1875;408;5;22;6.14;Cursando
1876;408;14;22;8.63;Reprovado
1877;408;7;22;4.22;Reprovado
1878;408;2;22;5.85;Aprovado
1879;409;17;27;4.48;Aprovado
1880;409;13;27;5.23;Reprovado
1881;409;4;27;8.04;Cursando
1882;409;1;27;3.79;Cursando
1883;409;13;27;2.13;Reprovado
1884;409;6;27;7.23;Reprovado
1885;410;1;28;5.38;Aprovado
1886;410;17;28;9.99;Aprovado
1887;410;6;28;8.25;Reprovado
1888;410;13;28;9.21;Cursando
1889;411;15;24;6.88;Reprovado
1890;411;20;24;1.82;Reprovado
1891;411;8;24;9.13;Cursando
1892;411;13;24;1.85;Aprovado
1893;411;12;24;6.69;Reprovado
1894;411;19;24;7.85;Cursando
1895;412;1;22;8.2;Cursando
1896;412;12;22;0.6;Cursando
1897;412;3;22;9.85;Aprovado
1898;413;7;5;4.61;Reprovado
1899;413;5;5;2.76;Cursando
1900;413;2;5;8.66;Reprovado
1901;413;17;5;2.56;Reprovado
1902;413;17;5;8.06;Aprovado
1903;413;3;5;0.07;Aprovado
1904;414;5;5;6.97;Aprovado
1905;414;2;5;7.31;Aprovado
1906;414;7;5;9.03;Reprovado
1907;414;9;5;8.61;Cursando
1908;414;20;5;2.09;Cursando
1909;415;14;2;9.85;Reprovado
1910;415;11;2;2.41;Cursando
1911;415;7;2;7.37;Aprovado
1912;415;15;2;3.69;Cursando
1913;416;20;30;8.47;Cursando
1914;416;19;30;7.29;Cursando
1915;416;7;30;6.77;Reprovado
1916;416;8;30;9.32;Aprovado
1917;416;14;30;0.12;Reprovado
1918;417;4;9;5.09;Aprovado
1919;417;17;9;8.37;Reprovado
1920;417;19;9;0.64;Aprovado
1921;417;12;9;7.86;Cursando
1922;417;15;9;8.56;Reprovado
1923;418;11;1;4.39;Aprovado
1924;418;9;1;7.63;Aprovado
1925;418;5;1;7.53;Aprovado
1926;418;8;1;4.49;Cursando
1927;419;19;8;7.84;Aprovado
1928;419;12;8;0.78;Reprovado
1929;419;3;8;8.26;Cursando
1930;420;2;30;2.02;Cursando
1931;420;16;30;8.62;Reprovado
1932;420;18;30;7.5;Aprovado
1933;420;4;30;6.65;Reprovado
1934;420;13;30;1.02;Aprovado
1935;421;1;20;0.27;Cursando
1936;421;18;20;0.4;Cursando
1937;421;6;20;1.0;Aprovado
1938;421;9;20;2.82;Cursando
1939;421;18;20;8.61;Cursando
1940;422;19;9;5.95;Aprovado
1941;422;8;9;9.14;Reprovado
1942;422;11;9;5.45;Reprovado
1943;422;16;9;7.84;Reprovado
1944;422;13;9;9.18;Cursando
1945;423;18;15;2.82;Cursando
1946;423;6;15;5.74;Aprovado
1947;423;6;15;0.5;Cursando
1948;423;4;15;0.4;Reprovado
1949;424;15;22;5.04;Aprovado
1950;424;5;22;7.8;Aprovado
1951;424;9;22;9.97;Cursando
1952;424;4;22;2.37;Aprovado
1953;424;12;22;3.66;Aprovado
1954;424;14;22;5.1;Cursando
1955;425;19;10;1.9;Reprovado
1956;425;10;10;7.61;Cursando
1957;425;8;10;3.21;Reprovado
1958;426;10;28;1.17;Cursando
1959;426;14;28;0.16;Cursando
1960;426;18;28;9.64;Reprovado
1961;426;11;28;5.38;Aprovado
1962;427;13;26;2.18;Reprovado
1963;427;14;26;2.8;Aprovado
1964;427;4;26;9.02;Reprovado
1965;427;9;26;4.88;Cursando
1966;427;15;26;1.09;Reprovado
1967;428;19;17;8.19;Cursando
1968;428;3;17;0.57;Cursando
1969;428;10;17;3.93;Cursando
1970;429;14;28;4.85;Aprovado
1971;429;13;28;9.32;Reprovado
1972;429;18;28;3.91;Cursando
1973;429;10;28;7.54;Cursando
1974;429;15;28;8.73;Cursando
1975;429;5;28;2.51;Cursando
1976;430;1;17;8.25;Cursando
1977;430;1;17;8.96;Reprovado
1978;430;3;17;6.51;Cursando
1979;430;4;17;9.42;Cursando
1980;430;14;17;2.2;Reprovado
1981;430;12;17;0.0;Reprovado
1982;431;8;24;6.41;Reprovado
1983;431;17;24;9.16;Aprovado
1984;431;10;24;3.83;Reprovado
1985;431;2;24;1.91;Aprovado
1986;432;9;28;7.99;Reprovado
1987;432;17;28;3.03;Cursando
1988;432;16;28;0.07;Reprovado
1989;432;14;28;2.26;Aprovado
1990;432;3;28;1.13;Aprovado
1991;432;6;28;6.33;Reprovado
1992;433;15;15;6.18;Reprovado
1993;433;6;15;3.75;Cursando
1994;433;6;15;6.51;Reprovado
1995;433;2;15;5.91;Cursando
1996;433;20;15;9.14;Cursando
1997;434;10;21;7.03;Reprovado
1998;434;16;21;9.82;Cursando
1999;434;1;21;4.91;Aprovado
2000;434;6;21;0.01;Cursando
2001;434;20;21;1.55;Cursando
2002;434;3;21;3.44;Reprovado
2003;435;9;1;3.63;Aprovado
2004;435;19;1;3.81;Cursando
2005;435;9;1;7.42;Cursando
2006;436;4;17;2.94;Cursando
2007;436;16;17;2.33;Aprovado
2008;436;14;17;3.5;Reprovado
2009;436;7;17;5.51;Reprovado
2010;436;4;17;7.72;Cursando
2011;436;8;17;5.24;Cursando
2012;437;3;30;8.49;Aprovado
2013;437;1;30;0.77;Cursando
2014;437;4;30;5.44;Aprovado
2015;437;20;30;5.84;Aprovado
2016;437;4;30;2.15;Aprovado
2017;438;7;27;2.37;Cursando
2018;438;13;27;1.53;Aprovado
2019;438;19;27;9.94;Reprovado
2020;438;13;27;6.48;Aprovado
2021;439;16;7;6.45;Cursando
2022;439;1;7;0.21;Reprovado
2023;439;8;7;1.91;Aprovado
2024;440;6;15;6.15;Cursando
2025;440;14;15;3.89;Cursando
2026;440;8;15;4.89;Cursando
2027;440;12;15;8.49;Aprovado
2028;440;3;15;6.38;Cursando
2029;440;3;15;6.18;Aprovado
2030;441;7;9;8.93;Aprovado
2031;441;19;9;5.46;Reprovado
2032;441;8;9;9.35;Cursando
2033;441;13;9;9.06;Reprovado
2034;441;7;9;5.79;Cursando
2035;441;9;9;7.98;Cursando
2036;442;2;27;1.28;Reprovado
2037;442;19;27;4.09;Aprovado
2038;442;2;27;1.7;Cursando
2039;442;9;27;7.06;Aprovado
2040;442;17;27;1.62;Reprovado
2041;442;10;27;5.54;Reprovado
2042;443;10;24;0.81;Aprovado
2043;443;10;24;0.89;Aprovado
2044;443;19;24;6.16;Aprovado
2045;444;4;14;1.97;Cursando
2046;444;16;14;9.38;Cursando
2047;444;6;14;7.73;Aprovado
2048;444;8;14;9.16;Reprovado
2049;444;20;14;6.11;Aprovado
2050;445;9;15;7.78;Reprovado
2051;445;17;15;4.94;Aprovado
2052;445;17;15;5.31;Aprovado
2053;445;20;15;2.05;Cursando
2054;446;11;25;7.64;Reprovado
2055;446;3;25;9.02;Aprovado
2056;446;10;25;5.97;Cursando
2057;446;4;25;6.9;Cursando
2058;446;17;25;9.97;Reprovado
2059;446;10;25;5.04;Cursando
2060;447;19;24;7.16;Aprovado
2061;447;2;24;7.82;Reprovado
2062;447;14;24;7.51;Reprovado
2063;447;18;24;6.95;Aprovado
2064;448;11;8;3.94;Cursando
2065;448;16;8;5.16;Cursando
2066;448;9;8;4.46;Cursando
2067;448;6;8;7.8;Aprovado
2068;448;1;8;4.02;Cursando
2069;449;5;27;5.17;Cursando
2070;449;20;27;5.87;Cursando
2071;449;10;27;8.95;Cursando
2072;449;14;27;0.4;Cursando
2073;449;19;27;5.96;Cursando
2074;450;13;17;0.65;Cursando
2075;450;4;17;7.04;Reprovado
2076;450;3;17;3.56;Reprovado
2077;451;11;19;5.79;Aprovado
2078;451;4;19;5.88;Cursando
2079;451;7;19;5.41;Aprovado
2080;451;13;19;8.5;Reprovado
2081;451;17;19;9.9;Reprovado
2082;452;2;20;5.49;Reprovado
2083;452;8;20;2.7;Cursando
2084;452;17;20;8.84;Reprovado
2085;453;12;30;0.65;Reprovado
2086;453;1;30;8.07;Aprovado
2087;453;12;30;2.02;Reprovado
2088;453;1;30;6.92;Cursando
2089;453;9;30;7.98;Cursando
2090;454;7;19;6.74;Reprovado
2091;454;2;19;0.64;Aprovado
2092;454;3;19;0.24;Reprovado
2093;454;4;19;7.09;Aprovado
2094;454;1;19;6.68;Reprovado
2095;454;2;19;5.03;Aprovado
2096;455;2;26;3.26;Reprovado
2097;455;11;26;3.3;Aprovado
2098;455;8;26;5.05;Reprovado
2099;455;15;26;4.32;Aprovado
2100;455;15;26;8.38;Reprovado
2101;455;11;26;8.35;Cursando
2102;456;14;13;9.33;Reprovado
2103;456;18;13;4.78;Cursando
2104;456;4;13;2.13;Aprovado
2105;456;4;13;9.12;Reprovado
2106;456;8;13;0.61;Cursando
2107;456;20;13;9.16;Reprovado
2108;457;10;30;0.18;Aprovado
2109;457;7;30;7.17;Cursando
2110;457;8;30;0.33;Aprovado
2111;457;1;30;4.46;Reprovado
2112;458;10;17;3.78;Aprovado
2113;458;1;17;5.01;Cursando
2114;458;11;17;9.77;Reprovado
2115;458;9;17;8.41;Cursando
2116;458;13;17;8.04;Cursando
2117;458;7;17;9.52;Reprovado
2118;459;10;25;0.69;Reprovado
2119;459;13;25;1.36;Aprovado
2120;459;11;25;4.61;Aprovado
2121;459;10;25;3.82;Aprovado
2122;460;20;30;0.39;Aprovado
2123;460;10;30;4.89;Reprovado
2124;460;8;30;7.01;Aprovado
2125;460;7;30;7.65;Reprovado
2126;460;8;30;0.23;Reprovado
2127;460;17;30;6.74;Reprovado
2128;461;6;30;9.23;Aprovado
2129;461;2;30;7.74;Aprovado
2130;461;5;30;2.86;Aprovado
2131;461;4;30;5.72;Aprovado
2132;462;14;17;8.5;Aprovado
2133;462;19;17;5.28;Aprovado
2134;462;11;17;5.29;Reprovado
2135;462;12;17;9.54;Reprovado
2136;462;15;17;2.36;Cursando
2137;463;3;25;4.87;Reprovado
2138;463;11;25;6.25;Aprovado
2139;463;8;25;4.08;Reprovado
2140;464;9;27;4.9;Reprovado
2141;464;18;27;2.44;Cursando
2142;464;19;27;8.28;Aprovado
2143;464;16;27;3.86;Cursando
2144;464;13;27;0.56;Cursando
2145;465;3;14;4.58;Aprovado
2146;465;20;14;3.08;Cursando
2147;465;19;14;7.09;Reprovado
2148;465;2;14;2.5;Aprovado
2149;465;15;14;7.24;Cursando
2150;466;12;1;8.82;Reprovado
2151;466;12;1;6.8;Aprovado
2152;466;2;1;7.67;Reprovado
2153;466;13;1;8.17;Reprovado
2154;467;3;14;3.8;Reprovado
2155;467;8;14;0.45;Aprovado
2156;467;2;14;9.14;Reprovado
2157;467;1;14;3.91;Aprovado
2158;467;10;14;2.57;Aprovado
2159;468;5;27;0.61;Reprovado
2160;468;1;27;9.87;Reprovado
2161;468;6;27;2.32;Cursando
2162;468;1;27;4.97;Aprovado
2163;468;20;27;8.09;Reprovado
2164;469;4;1;8.91;Reprovado
2165;469;2;1;1.8;Aprovado
2166;469;12;1;0.5;Reprovado
2167;469;13;1;0.7;Reprovado
2168;469;13;1;9.32;Reprovado
2169;469;20;1;5.87;Cursando
2170;470;5;6;6.83;Cursando
2171;470;13;6;8.86;Aprovado
2172;470;3;6;3.51;Reprovado
2173;470;16;6;4.04;Aprovado
2174;470;6;6;8.37;Aprovado
2175;470;9;6;0.0;Reprovado
2176;471;2;20;0.58;Aprovado
2177;471;8;20;3.38;Aprovado
2178;471;17;20;9.96;Cursando
2179;471;1;20;7.92;Cursando
2180;472;10;17;0.25;Reprovado
2181;472;6;17;4.52;Aprovado
2182;472;17;17;5.96;Aprovado
2183;472;7;17;6.64;Aprovado
2184;472;19;17;8.36;Aprovado
2185;472;1;17;4.19;Aprovado
2186;473;7;27;9.46;Cursando
2187;473;9;27;6.18;Cursando
2188;473;3;27;4.33;Cursando
2189;473;2;27;2.92;Aprovado
2190;473;11;27;7.59;Aprovado
2191;473;8;27;8.05;Reprovado
2192;474;2;17;7.03;Reprovado
2193;474;2;17;0.66;Reprovado
2194;474;13;17;0.03;Cursando
2195;474;1;17;6.2;Cursando
2196;475;8;28;2.82;Aprovado
2197;475;5;28;5.6;Aprovado
2198;475;6;28;3.69;Cursando
2199;475;2;28;7.96;Cursando
2200;475;4;28;2.89;Reprovado
2201;476;19;25;0.11;Aprovado
2202;476;5;25;2.71;Reprovado
2203;476;13;25;8.8;Aprovado
2204;476;3;25;0.11;Reprovado
2205;476;17;25;6.71;Reprovado
2206;476;2;25;0.64;Cursando
2207;477;18;17;2.16;Reprovado
2208;477;17;17;3.99;Cursando
2209;477;16;17;7.78;Cursando
2210;477;14;17;0.64;Aprovado
2211;477;11;17;6.58;Reprovado
2212;477;9;17;8.0;Aprovado
2213;478;1;9;8.54;Reprovado
2214;478;8;9;5.84;Cursando
2215;478;11;9;5.24;Reprovado
2216;479;7;1;3.67;Aprovado
2217;479;3;1;6.86;Aprovado
2218;479;7;1;3.84;Reprovado
2219;479;7;1;9.08;Aprovado
2220;480;8;17;8.71;Cursando
2221;480;1;17;0.55;Aprovado
2222;480;8;17;3.95;Cursando
2223;480;12;17;7.76;Cursando
2224;480;11;17;6.93;Reprovado
2225;480;9;17;0.32;Cursando
2226;481;18;30;7.52;Reprovado
2227;481;14;30;1.09;Reprovado
2228;481;18;30;3.39;Reprovado
2229;481;15;30;5.47;Reprovado
2230;481;3;30;8.96;Reprovado
2231;482;9;30;8.31;Cursando
2232;482;4;30;3.95;Cursando
2233;482;6;30;3.38;Aprovado
2234;482;13;30;2.22;Cursando
2235;482;8;30;3.37;Cursando
2236;482;8;30;1.98;Cursando
2237;483;18;17;6.85;Cursando
2238;483;1;17;2.61;Reprovado
2239;483;12;17;5.63;Aprovado
2240;483;3;17;5.89;Reprovado
2241;484;2;28;8.73;Aprovado
2242;484;6;28;3.82;Cursando
2243;484;12;28;7.79;Aprovado
2244;485;8;30;5.2;Aprovado
2245;485;18;30;0.08;Aprovado
2246;485;15;30;3.38;Cursando
2247;485;7;30;7.23;Reprovado
2248;486;3;5;4.08;Aprovado
2249;486;9;5;8.37;Aprovado
2250;486;9;5;8.85;Cursando
2251;486;6;5;5.2;Aprovado
2252;486;9;5;2.39;Cursando
2253;487;2;2;5.43;Cursando
2254;487;4;2;7.31;Reprovado
2255;487;18;2;1.96;Reprovado
2256;487;13;2;9.19;Reprovado
2257;487;11;2;8.69;Aprovado
2258;487;11;2;4.0;Aprovado
2259;488;19;9;9.51;Aprovado
2260;488;15;9;4.88;Reprovado
2261;488;5;9;4.96;Aprovado
2262;488;4;9;2.15;Aprovado
2263;488;10;9;0.43;Aprovado
2264;488;8;9;5.25;Aprovado
2265;489;20;24;1.71;Cursando
2266;489;4;24;6.53;Reprovado
2267;489;8;24;8.48;Reprovado
2268;489;10;24;2.54;Reprovado
2269;489;9;24;8.05;Reprovado
2270;490;5;1;8.24;Aprovado
2271;490;1;1;5.6;Aprovado
2272;490;2;1;1.52;Cursando
2273;490;11;1;1.43;Aprovado
2274;490;6;1;5.5;Cursando
2275;490;14;1;7.57;Cursando
2276;491;19;30;2.46;Aprovado
2277;491;5;30;6.46;Reprovado
2278;491;4;30;6.26;Reprovado
2279;491;1;30;4.22;Cursando
2280;491;13;30;8.56;Reprovado
2281;492;9;29;4.83;Reprovado
2282;492;13;29;0.6;Aprovado
2283;492;6;29;8.55;Cursando
2284;492;15;29;6.08;Aprovado
2285;492;14;29;9.05;Reprovado
2286;493;3;8;8.5;Cursando
2287;493;10;8;1.89;Aprovado
2288;493;2;8;8.1;Reprovado
2289;493;6;8;1.58;Cursando
2290;493;16;8;6.09;Aprovado
2291;494;14;11;1.49;Reprovado
2292;494;13;11;3.53;Aprovado
2293;494;2;11;8.26;Cursando
2294;494;14;11;4.13;Cursando
2295;494;19;11;4.15;Reprovado
2296;494;12;11;9.39;Reprovado
2297;495;4;13;7.67;Cursando
2298;495;6;13;2.56;Cursando
2299;495;12;13;1.64;Cursando
2300;495;19;13;2.44;Cursando
2301;495;7;13;6.41;Cursando
2302;495;9;13;1.32;Aprovado
2303;496;6;5;7.22;Reprovado
2304;496;20;5;5.66;Reprovado
2305;496;7;5;5.1;Aprovado
2306;496;7;5;0.04;Reprovado
2307;496;17;5;5.71;Cursando
2308;496;4;5;5.19;Reprovado
2309;497;4;30;3.76;Reprovado
2310;497;19;30;6.96;Reprovado
2311;497;11;30;1.91;Reprovado
2312;497;14;30;7.49;Aprovado
2313;497;10;30;2.11;Cursando
2314;497;15;30;6.2;Cursando
2315;498;20;13;3.65;Reprovado
2316;498;15;13;3.14;Aprovado
2317;498;7;13;1.41;Cursando
2318;498;10;13;3.01;Reprovado
2319;498;3;13;7.12;Reprovado
2320;499;12;30;7.63;Reprovado
2321;499;17;30;2.05;Reprovado
2322;499;1;30;7.31;Reprovado
2323;500;15;7;2.63;Aprovado
2324;500;17;7;2.0;Cursando
2325;500;13;7;9.46;Reprovado
2326;500;19;7;3.23;Reprovado
2327;500;12;7;8.76;Cursando
2328;500;9;7;6.03;Reprovado
